seriesInstanceUID,studyInstanceUID,info,brief_info,more_brief_info
1.3.12.2.1107.5.1.4.60320.30000016092023342886800004883,1.2.392.200046.100.14.20160921003024778,DE  DE_CarotidAngio  1.0  D30f  A_140kV,A_140kV,H
1.3.12.2.1107.5.1.4.60320.30000016092023342886800004884,1.2.392.200046.100.14.20160921003024778,DE  DE_CarotidAngio  1.0  D30f  B_80kV,B_80kV,L
1.3.12.2.1107.5.1.4.60320.30000016092100163091900049818,1.2.392.200046.100.14.20160921003024778,DE  DE_CarotidAngio  1.0  D30f  M_0.3,M_0.3,Mix
1.3.12.2.1107.5.99.2.9594.30000016092015011925000005738,1.2.392.200046.100.14.20160921003024778,DualEnergy BoneRemovalHead Suppressed #1,Suppressed,Suppressed
1.3.12.2.1107.5.1.4.60320.30020116092201232078300000011,1.2.392.200046.100.14.20160921003024778,<MIP Collection>,,
1.3.12.2.1107.5.1.4.60320.30000016081423513434400004277,1.2.392.200046.100.14.20160815002417913,DE  DE_HeadAngio  1.0  D30f  A_140kV,A_140kV,H
1.3.12.2.1107.5.1.4.60320.30000016081423513434400004278,1.2.392.200046.100.14.20160815002417913,DE  DE_HeadAngio  1.0  D30f  B_80kV,B_80kV,L
1.3.12.2.1107.5.1.4.60320.30000016081500125781600039438,1.2.392.200046.100.14.20160815002417913,DE  DE_HeadAngio  1.0  D30f  M_0.3,M_0.3,Mix
1.3.12.2.1107.5.99.2.9594.30000016081515071743700001821,1.2.392.200046.100.14.20160815002417913,DualEnergy BoneRemovalHead Suppressed #1,Suppressed,Suppressed
1.3.12.2.1107.5.1.4.60320.30000018121223481382400007770,1.2.392.200046.100.14.20181212004226821,DE  DE_CarotidAngio  1.0  D30f  A_140kV,A_140kV,H
1.3.12.2.1107.5.1.4.60320.30000018121223481382400007771,1.2.392.200046.100.14.20181212004226821,DE  DE_CarotidAngio  1.0  D30f  B_80kV,B_80kV,L
1.3.12.2.1107.5.1.4.60320.30000018121300510399200062794,1.2.392.200046.100.14.20181212004226821,DE  DE_CarotidAngio  1.0  D30f  M_0.3,M_0.3,Mix
1.3.12.2.1107.5.99.2.9594.30000018121307083671800006527,1.2.392.200046.100.14.20181212004226821,DualEnergy BoneRemovalHead Suppressed #1,Suppressed,Suppressed
1.3.12.2.1107.5.99.2.9594.30000018120813423040600005765,1.2.392.200046.100.14.20181212004226821,<VRT Collection>,,
1.3.12.2.1107.5.99.2.9594.30000018120813423040600005749,1.2.392.200046.100.14.20181212004226821,<MIP Collection>,,
1.3.12.2.1107.5.1.4.60320.30000017010523544432500003674,1.2.392.200046.100.14.20170105001919668,DE  DE_CarotidAngio  1.0  D30f  A_140kV,A_140kV,H
1.3.12.2.1107.5.1.4.60320.30000017010523544432500003675,1.2.392.200046.100.14.20170105001919668,DE  DE_CarotidAngio  1.0  D30f  B_80kV,B_80kV,L
1.3.12.2.1107.5.1.4.60320.30000017010600255491700028440,1.2.392.200046.100.14.20170105001919668,DE  DE_CarotidAngio  1.0  D30f  M_0.3,M_0.3,Mix
1.3.12.2.1107.5.99.2.9594.30000017010618490892100000128,1.2.392.200046.100.14.20170105001919668,DualEnergy BoneRemovalHead Suppressed #1,Suppressed,Suppressed
1.3.12.2.1107.5.1.4.60320.30020117010602310453400002573,1.2.392.200046.100.14.20170105001919668,<MIP Collection>,,
1.3.12.2.1107.5.1.4.60320.30020117010602310453400002588,1.2.392.200046.100.14.20170105001919668,<VRT Collection>,,
1.3.12.2.1107.5.1.4.60320.30000018032623453788600007232,1.2.392.200046.100.14.20180327005810353,DE  DE_CarotidAngio  1.0  D30f  A_140kV,A_140kV,H
1.3.12.2.1107.5.1.4.60320.30000018032623453788600007233,1.2.392.200046.100.14.20180327005810353,DE  DE_CarotidAngio  1.0  D30f  B_80kV,B_80kV,L
1.3.12.2.1107.5.1.4.60320.30000018032700083357900060737,1.2.392.200046.100.14.20180327005810353,DE  DE_CarotidAngio  1.0  D30f  M_0.3,M_0.3,Mix
1.3.12.2.1107.5.99.2.9594.30000018032623052151500003288,1.2.392.200046.100.14.20180327005810353,DualEnergy BoneRemovalHead Suppressed #1,Suppressed,Suppressed
1.3.12.2.1107.5.99.2.9594.30000018032016363870300004953,1.2.392.200046.100.14.20180327005810353,<VRT Collection>,,
1.3.12.2.1107.5.99.2.9594.30000018032016363870300004938,1.2.392.200046.100.14.20180327005810353,<MIP Collection>,,
1.3.12.2.1107.5.1.4.60320.30000018102900180817100010433,1.2.392.200046.100.14.20181029000227649,DE  DE_CarotidAngio  1.0  D30f  A_140kV,A_140kV,H
1.3.12.2.1107.5.1.4.60320.30000018102900180817100010434,1.2.392.200046.100.14.20181029000227649,DE  DE_CarotidAngio  1.0  D30f  B_80kV,B_80kV,L
1.3.12.2.1107.5.1.4.60320.30000018102900272398400100238,1.2.392.200046.100.14.20181029000227649,DE  DE_CarotidAngio  1.0  D30f  M_0.3,M_0.3,Mix
1.3.12.2.1107.5.99.2.9594.30000018102907290395300002632,1.2.392.200046.100.14.20181029000227649,DualEnergy BoneRemovalHead Suppressed #1,Suppressed,Suppressed
1.3.12.2.1107.5.99.2.9594.30000018103018313640600000011,1.2.392.200046.100.14.20181029000227649,<MIP Collection>,,
1.3.12.2.1107.5.99.2.9594.30000018103018313640600000026,1.2.392.200046.100.14.20181029000227649,<VRT Collection>,,
1.3.12.2.1107.5.1.4.60320.30000019041523213300700009942,1.3.12.2.1107.5.1.4.60320.30000019041523573763600000103,DE  DE_CarotidAngio  1.0  D30f  A_140kV,A_140kV,H
1.3.12.2.1107.5.1.4.60320.30000019041523213300700009943,1.3.12.2.1107.5.1.4.60320.30000019041523573763600000103,DE  DE_CarotidAngio  1.0  D30f  B_80kV,B_80kV,L
1.3.12.2.1107.5.1.4.60320.30000019041600002309300079333,1.3.12.2.1107.5.1.4.60320.30000019041523573763600000103,DE  DE_CarotidAngio  1.0  D30f  M_0.3,M_0.3,Mix
1.3.12.2.1107.5.99.2.9594.30000019041407443398400006553,1.3.12.2.1107.5.1.4.60320.30000019041523573763600000103,DualEnergy BoneRemovalHead Suppressed #1,Suppressed,Suppressed
1.3.12.2.1107.5.99.2.9594.30000019041707531157800000308,1.3.12.2.1107.5.1.4.60320.30000019041523573763600000103,<MIP Collection>,,
1.3.12.2.1107.5.99.2.9594.30000019041707531157800000323,1.3.12.2.1107.5.1.4.60320.30000019041523573763600000103,<VRT Collection>,,
1.3.12.2.1107.5.1.4.60320.30000016040823521220500003654,1.2.392.200046.100.14.2016040800362625,DE  DE_CarotidAngio  1.0  D30f  A_140kV,A_140kV,H
1.3.12.2.1107.5.1.4.60320.30000016040823521220500003655,1.2.392.200046.100.14.2016040800362625,DE  DE_CarotidAngio  1.0  D30f  B_80kV,B_80kV,L
1.3.12.2.1107.5.1.4.60320.30000016040900180160000030504,1.2.392.200046.100.14.2016040800362625,DE  DE_CarotidAngio  1.0  D30f  M_0.3,M_0.3,Mix
1.3.12.2.1107.5.99.2.9594.30000016040823144126500003361,1.2.392.200046.100.14.2016040800362625,DualEnergy BoneRemovalHead Suppressed #1,Suppressed,Suppressed
1.3.12.2.1107.5.99.2.9594.30000016040713263529600018695,1.2.392.200046.100.14.2016040800362625,<VRT Collection>,,
1.3.12.2.1107.5.99.2.9594.30000016040713263529600018677,1.2.392.200046.100.14.2016040800362625,<MIP Collection>,,
1.3.12.2.1107.5.1.4.60320.30000018071723412584100004378,1.2.392.200046.100.14.20180718000829621,DE  DE_CarotidAngio  1.0  D30f  A_140kV,A_140kV,H
1.3.12.2.1107.5.1.4.60320.30000018071723412584100004379,1.2.392.200046.100.14.20180718000829621,DE  DE_CarotidAngio  1.0  D30f  B_80kV,B_80kV,L
1.3.12.2.1107.5.1.4.60320.30000018071800125671000039108,1.2.392.200046.100.14.20180718000829621,DE  DE_CarotidAngio  1.0  D30f  M_0.3,M_0.3,Mix
1.3.12.2.1107.5.99.2.9594.30000018071712292331200002521,1.2.392.200046.100.14.20180718000829621,DualEnergy BoneRemovalHead Suppressed #1,Suppressed,Suppressed
1.3.12.2.1107.5.99.2.9594.30000018071814592028100000026,1.2.392.200046.100.14.20180718000829621,<VRT Collection>,,
1.3.12.2.1107.5.99.2.9594.30000018071814592028100000011,1.2.392.200046.100.14.20180718000829621,<MIP Collection>,,
1.3.12.2.1107.5.1.4.60320.30000016040623475243900003149,1.2.392.200046.100.14.2016040700039601,DE  DE_HeadAngio  1.0  D30f  A_140kV,A_140kV,H
1.3.12.2.1107.5.1.4.60320.30000016040623475243900003150,1.2.392.200046.100.14.2016040700039601,DE  DE_HeadAngio  1.0  D30f  B_80kV,B_80kV,L
1.3.12.2.1107.5.1.4.60320.30000016040700474515300028818,1.2.392.200046.100.14.2016040700039601,DE  DE_HeadAngio  1.0  D30f  M_0.3,M_0.3,Mix
1.3.12.2.1107.5.99.2.9594.30000016040713263529600002487,1.2.392.200046.100.14.2016040700039601,<MIP Collection>,,
1.3.12.2.1107.5.99.2.9594.30000016040713263529600002492,1.2.392.200046.100.14.2016040700039601,<VRT Collection>,,
1.3.12.2.1107.5.1.4.60320.30000018052123395543300009468,1.2.392.200046.100.14.20180521009320267,DE  DE_CarotidAngio  1.0  D30f  A_140kV,A_140kV,H
1.3.12.2.1107.5.1.4.60320.30000018052123395543300009469,1.2.392.200046.100.14.20180521009320267,DE  DE_CarotidAngio  1.0  D30f  B_80kV,B_80kV,L
1.3.12.2.1107.5.1.4.60320.30000018052200210740500076550,1.2.392.200046.100.14.20180521009320267,DE  DE_CarotidAngio  1.0  D30f  M_0.3,M_0.3,Mix
1.3.12.2.1107.5.99.2.9594.30000018052216120384300005639,1.2.392.200046.100.14.20180521009320267,DualEnergy BoneRemovalHead Suppressed #1,Suppressed,Suppressed
1.3.12.2.1107.5.99.2.9594.30000018052014544381200001294,1.2.392.200046.100.14.20180521009320267,<MIP Collection>,,
1.3.12.2.1107.5.99.2.9594.30000018052014544381200001351,1.2.392.200046.100.14.20180521009320267,<VRT Collection>,,
1.3.12.2.1107.5.1.4.60320.30000019070723393523000009609,1.2.392.200046.100.14.20190708019618828,DE  DE_CarotidAngio  1.0  D30f  A_140kV,A_140kV,H
1.3.12.2.1107.5.1.4.60320.30000019070723393523000009610,1.2.392.200046.100.14.20190708019618828,DE  DE_CarotidAngio  1.0  D30f  B_80kV,B_80kV,L
1.3.12.2.1107.5.1.4.60320.30000019070800040356200079426,1.2.392.200046.100.14.20190708019618828,DE  DE_CarotidAngio  1.0  D30f  M_0.3,M_0.3,Mix
1.3.12.2.1107.5.99.2.9594.30000019070615483595300005278,1.2.392.200046.100.14.20190708019618828,DualEnergy BoneRemovalHead Suppressed #1,Suppressed,Suppressed
1.3.12.2.1107.5.99.2.9594.30000019070609220185900003411,1.2.392.200046.100.14.20190708019618828,<MIP Collection>,,
1.3.12.2.1107.5.99.2.9594.30000019070609220185900003426,1.2.392.200046.100.14.20190708019618828,<VRT Collection>,,
1.3.12.2.1107.5.1.4.60320.30000016060723512183400003364,1.2.392.200046.100.14.201606080031300,DE  DE_HeadAngio  1.0  D30f  B_80kV,B_80kV,L
1.3.12.2.1107.5.1.4.60320.30000016060800093713700033155,1.2.392.200046.100.14.201606080031300,DE  DE_HeadAngio  1.0  D30f  M_0.3,M_0.3,Mix
1.3.12.2.1107.5.1.4.60320.30000016060723512183400003363,1.2.392.200046.100.14.201606080031300,DE  DE_HeadAngio  1.0  D30f  A_140kV,A_140kV,H
1.3.12.2.1107.5.99.2.9594.30000016060815184114000002296,1.2.392.200046.100.14.201606080031300,DualEnergy BoneRemovalHead Suppressed #1,Suppressed,Suppressed
1.3.12.2.1107.5.99.2.9594.30000016060519134960900013519,1.2.392.200046.100.14.201606080031300,<VRT Collection>,,
1.3.12.2.1107.5.99.2.9594.30000016060519134960900013468,1.2.392.200046.100.14.201606080031300,<MIP Collection>,,
1.3.12.2.1107.5.1.4.60320.30000018052123395543300009007,1.2.392.200046.100.14.20180521005624237,DE  DE_CarotidAngio  1.0  D30f  A_140kV,A_140kV,H
1.3.12.2.1107.5.1.4.60320.30000018052123395543300009008,1.2.392.200046.100.14.20180521005624237,DE  DE_CarotidAngio  1.0  D30f  B_80kV,B_80kV,L
1.3.12.2.1107.5.1.4.60320.30000018052200210740500071989,1.2.392.200046.100.14.20180521005624237,DE  DE_CarotidAngio  1.0  D30f  M_0.3,M_0.3,Mix
1.3.12.2.1107.5.99.2.9594.30000018052216120384300002544,1.2.392.200046.100.14.20180521005624237,DualEnergy BoneRemovalHead Suppressed #1,Suppressed,Suppressed
1.3.12.2.1107.5.99.2.9594.30000018052014544381200001005,1.2.392.200046.100.14.20180521005624237,<VRT Collection>,,
1.3.12.2.1107.5.99.2.9594.30000018052014544381200000990,1.2.392.200046.100.14.20180521005624237,<MIP Collection>,,
1.3.12.2.1107.5.1.4.60320.30000018121223481382400005131,1.3.12.2.1107.5.1.4.60320.30000018121300495794000000024,DE  DE_CarotidAngio  1.0  D30f  A_140kV,A_140kV,H
1.3.12.2.1107.5.1.4.60320.30000018121223481382400005132,1.3.12.2.1107.5.1.4.60320.30000018121300495794000000024,DE  DE_CarotidAngio  1.0  D30f  B_80kV,B_80kV,L
1.3.12.2.1107.5.1.4.60320.30000018121300510399200040658,1.3.12.2.1107.5.1.4.60320.30000018121300495794000000024,DE  DE_CarotidAngio  1.0  D30f  M_0.3,M_0.3,Mix
1.3.12.2.1107.5.99.2.9594.30000018121307083671800004990,1.3.12.2.1107.5.1.4.60320.30000018121300495794000000024,DualEnergy BoneRemovalHead Suppressed #1,Suppressed,Suppressed
1.3.12.2.1107.5.99.2.9594.30000018120813423040600005556,1.3.12.2.1107.5.1.4.60320.30000018121300495794000000024,<MIP Collection>,,
1.3.12.2.1107.5.99.2.9594.30000018120813423040600005571,1.3.12.2.1107.5.1.4.60320.30000018121300495794000000024,<VRT Collection>,,
1.3.12.2.1107.5.1.4.60320.30000018103123523165800005320,1.3.12.2.1107.5.1.4.60320.30000018110100351847700000025,DE  DE_CarotidAngio  1.0  D30f  A_140kV,A_140kV,H
1.3.12.2.1107.5.1.4.60320.30000018103123523165800005321,1.3.12.2.1107.5.1.4.60320.30000018110100351847700000025,DE  DE_CarotidAngio  1.0  D30f  B_80kV,B_80kV,L
1.3.12.2.1107.5.1.4.60320.30000018110100372970700044469,1.3.12.2.1107.5.1.4.60320.30000018110100351847700000025,DE  DE_CarotidAngio  1.0  D30f  M_0.3,M_0.3,Mix
1.3.12.2.1107.5.99.2.9594.30000018110114452301500003083,1.3.12.2.1107.5.1.4.60320.30000018110100351847700000025,DualEnergy BoneRemovalHead Suppressed #1,Suppressed,Suppressed
1.3.12.2.1107.5.99.2.9594.30000018103018313640600001602,1.3.12.2.1107.5.1.4.60320.30000018110100351847700000025,<VRT Collection>,,
1.3.12.2.1107.5.99.2.9594.30000018103018313640600001594,1.3.12.2.1107.5.1.4.60320.30000018110100351847700000025,<MIP Collection>,,
1.3.12.2.1107.5.1.4.60320.30000018111500110686400008325,1.2.392.200046.100.14.2018111500599916,DE  DE_CarotidAngio  1.0  D30f  A_140kV,A_140kV,H
1.3.12.2.1107.5.1.4.60320.30000018111500110686400008326,1.2.392.200046.100.14.2018111500599916,DE  DE_CarotidAngio  1.0  D30f  B_80kV,B_80kV,L
1.3.12.2.1107.5.1.4.60320.30000018111500244264700072727,1.2.392.200046.100.14.2018111500599916,DE  DE_CarotidAngio  1.0  D30f  M_0.3,M_0.3,Mix
1.3.12.2.1107.5.99.2.9594.30000018111517425590600003602,1.2.392.200046.100.14.2018111500599916,DualEnergy BoneRemovalHead Suppressed #1,Suppressed,Suppressed
1.3.12.2.1107.5.1.4.60320.30020118111500373449500021551,1.2.392.200046.100.14.2018111500599916,<VRT Collection>,,
1.3.12.2.1107.5.1.4.60320.30020118111500373449500021534,1.2.392.200046.100.14.2018111500599916,<MIP Collection>,,
1.3.12.2.1107.5.1.4.60320.30000016081823533926900003548,1.2.392.200046.100.14.2016081900122607,DE  DE_CarotidAngio  1.0  D30f  A_140kV,A_140kV,H
1.3.12.2.1107.5.1.4.60320.30000016081823533926900003549,1.2.392.200046.100.14.2016081900122607,DE  DE_CarotidAngio  1.0  D30f  B_80kV,B_80kV,L
1.3.12.2.1107.5.1.4.60320.30000016081900165597000027560,1.2.392.200046.100.14.2016081900122607,DE  DE_CarotidAngio  1.0  D30f  M_0.3,M_0.3,Mix
1.3.12.2.1107.5.99.2.9594.30000016081914250795300000211,1.2.392.200046.100.14.2016081900122607,DualEnergy BoneRemovalHead Suppressed #1,Suppressed,Suppressed
1.3.12.2.1107.5.99.2.9594.30000016081918592435900000229,1.2.392.200046.100.14.2016081900122607,<MIP Collection>,,
1.3.12.2.1107.5.99.2.9594.30000016081915240475000000051,1.2.392.200046.100.14.2016081900122607,<VRT Collection>,,
1.3.12.2.1107.5.99.2.9594.30000016081915240475000000036,1.2.392.200046.100.14.2016081900122607,<MIP Collection>,,
1.3.12.2.1107.5.1.4.60320.30000019060923474661600011289,1.2.392.200046.100.14.20190609009132621,DE  DE_CarotidAngio  1.0  D30f  A_140kV,A_140kV,H
1.3.12.2.1107.5.1.4.60320.30000019060923474661600011290,1.2.392.200046.100.14.20190609009132621,DE  DE_CarotidAngio  1.0  D30f  B_80kV,B_80kV,L
1.3.12.2.1107.5.1.4.60320.30000019061000083707600095220,1.2.392.200046.100.14.20190609009132621,DE  DE_CarotidAngio  1.0  D30f  M_0.3,M_0.3,Mix
1.3.12.2.1107.5.99.2.9594.30000019060717213710900002380,1.2.392.200046.100.14.20190609009132621,DualEnergy BoneRemovalHead Suppressed #1,Suppressed,Suppressed
1.3.12.2.1107.5.99.2.9594.30000019060715593620300002189,1.2.392.200046.100.14.20190609009132621,<MIP Collection>,,
1.3.12.2.1107.5.99.2.9594.30000019060715593620300002204,1.2.392.200046.100.14.20190609009132621,<VRT Collection>,,
1.3.12.2.1107.5.1.4.60320.30000018052223403616200002315,1.3.12.2.1107.5.1.4.60320.30000018052300053158600000013,DE  DE_CarotidAngio  1.0  D30f  A_140kV,A_140kV,H
1.3.12.2.1107.5.1.4.60320.30000018052223403616200002316,1.3.12.2.1107.5.1.4.60320.30000018052300053158600000013,DE  DE_CarotidAngio  1.0  D30f  B_80kV,B_80kV,L
1.3.12.2.1107.5.1.4.60320.30000018052300064084200020811,1.3.12.2.1107.5.1.4.60320.30000018052300053158600000013,DE  DE_CarotidAngio  1.0  D30f  M_0.3,M_0.3,Mix
1.3.12.2.1107.5.99.2.9594.30000018052216120384300007038,1.3.12.2.1107.5.1.4.60320.30000018052300053158600000013,DualEnergy BoneRemovalHead Suppressed #1,Suppressed,Suppressed
1.3.12.2.1107.5.99.2.9594.30000018052222545462500000368,1.3.12.2.1107.5.1.4.60320.30000018052300053158600000013,<MIP Collection>,,
1.3.12.2.1107.5.99.2.9594.30000018052222545462500000382,1.3.12.2.1107.5.1.4.60320.30000018052300053158600000013,<VRT Collection>,,
1.3.12.2.1107.5.1.4.60320.30000017050823461710000007888,1.2.392.200046.100.14.20170509003719812,DE  DE_CarotidAngio  1.0  D30f  A_140kV,A_140kV,H
1.3.12.2.1107.5.1.4.60320.30000017050823461710000007889,1.2.392.200046.100.14.20170509003719812,DE  DE_CarotidAngio  1.0  D30f  B_80kV,B_80kV,L
1.3.12.2.1107.5.1.4.60320.30000017050900190301800057535,1.2.392.200046.100.14.20170509003719812,DE  DE_CarotidAngio  1.0  D30f  M_0.3,M_0.3,Mix
1.3.12.2.1107.5.99.2.9594.30000017050920481512500001605,1.2.392.200046.100.14.20170509003719812,DualEnergy BoneRemovalHead Suppressed #1,Suppressed,Suppressed
1.3.12.2.1107.5.1.4.60320.30020117050901304032800014009,1.2.392.200046.100.14.20170509003719812,<VRT Collection>,,
1.3.12.2.1107.5.1.4.60320.30020117050901304032800013994,1.2.392.200046.100.14.20170509003719812,<MIP Collection>,,
1.3.12.2.1107.5.1.4.60320.30000017103023555142200009242,1.2.392.200046.100.14.2017103100476410,DE  DE_CarotidAngio  1.0  D30f  A_140kV,A_140kV,H
1.3.12.2.1107.5.1.4.60320.30000017103023555142200009243,1.2.392.200046.100.14.2017103100476410,DE  DE_CarotidAngio  1.0  D30f  B_80kV,B_80kV,L
1.3.12.2.1107.5.1.4.60320.30000017103100133193800084433,1.2.392.200046.100.14.2017103100476410,DE  DE_CarotidAngio  1.0  D30f  M_0.3,M_0.3,Mix
1.3.12.2.1107.5.99.2.9594.30000017103117383101500007169,1.2.392.200046.100.14.2017103100476410,DualEnergy BoneRemovalHead Suppressed #1,Suppressed,Suppressed
1.3.12.2.1107.5.99.2.9594.30000017103117392264000000806,1.2.392.200046.100.14.2017103100476410,<MIP Collection>,,
1.3.12.2.1107.5.99.2.9594.30000017103117392264000000821,1.2.392.200046.100.14.2017103100476410,<VRT Collection>,,
1.3.12.2.1107.5.1.4.60320.30000019051407045763700001607,1.3.12.2.1107.5.1.4.60320.30000019051407042244200000019,DE  DE_CarotidAngio  1.0  D30f  A_140kV,A_140kV,H
1.3.12.2.1107.5.1.4.60320.30000019051407045763700001608,1.3.12.2.1107.5.1.4.60320.30000019051407042244200000019,DE  DE_CarotidAngio  1.0  D30f  B_80kV,B_80kV,L
1.3.12.2.1107.5.1.4.60320.30000019051407060694800014008,1.3.12.2.1107.5.1.4.60320.30000019051407042244200000019,DE  DE_CarotidAngio  1.0  D30f  M_0.3,M_0.3,Mix
1.3.12.2.1107.5.99.2.9594.30000019051009454809300011832,1.3.12.2.1107.5.1.4.60320.30000019051407042244200000019,DualEnergy BoneRemovalHead Suppressed #1,Suppressed,Suppressed
1.3.12.2.1107.5.1.4.60320.30000018110600083595100006228,1.2.392.200046.100.14.201811050101905,DE  DE_CarotidAngio  1.0  D30f  A_140kV,A_140kV,H
1.3.12.2.1107.5.1.4.60320.30000018110600083595100006229,1.2.392.200046.100.14.201811050101905,DE  DE_CarotidAngio  1.0  D30f  B_80kV,B_80kV,L
1.3.12.2.1107.5.1.4.60320.30000018110600204990000053358,1.2.392.200046.100.14.201811050101905,DE  DE_CarotidAngio  1.0  D30f  M_0.3,M_0.3,Mix
1.3.12.2.1107.5.99.2.9594.30000018110610182550000006089,1.2.392.200046.100.14.201811050101905,DualEnergy BoneRemovalHead Suppressed #1,Suppressed,Suppressed
1.3.12.2.1107.5.99.2.9594.30000018103018313640600007576,1.2.392.200046.100.14.201811050101905,<MIP Collection>,,
1.3.12.2.1107.5.99.2.9594.30000018103018313640600007591,1.2.392.200046.100.14.201811050101905,<VRT Collection>,,
1.3.12.2.1107.5.1.4.60320.30000018011623531150600005918,1.2.392.200046.100.14.20180116005616584,DE  DE_CarotidAngio  1.0  D30f  A_140kV,A_140kV,H
1.3.12.2.1107.5.1.4.60320.30000018011623531150600005919,1.2.392.200046.100.14.20180116005616584,DE  DE_CarotidAngio  1.0  D30f  B_80kV,B_80kV,L
1.3.12.2.1107.5.1.4.60320.30000018011700092671800047754,1.2.392.200046.100.14.20180116005616584,DE  DE_CarotidAngio  1.0  D30f  M_0.3,M_0.3,Mix
1.3.12.2.1107.5.99.2.9594.30000018011514153996800009963,1.2.392.200046.100.14.20180116005616584,DualEnergy BoneRemovalHead Suppressed #1,Suppressed,Suppressed
1.3.12.2.1107.5.99.2.9594.30000018010921122029600009496,1.2.392.200046.100.14.20180116005616584,<VRT Collection>,,
1.3.12.2.1107.5.99.2.9594.30000018010921122029600009481,1.2.392.200046.100.14.20180116005616584,<MIP Collection>,,
1.3.12.2.1107.5.1.4.60320.30000017032200100336900008130,1.2.392.200046.100.14.20170322001325705,DE  DE_CarotidAngio  1.0  D30f  A_140kV,A_140kV,H
1.3.12.2.1107.5.1.4.60320.30000017032200100336900008131,1.2.392.200046.100.14.20170322001325705,DE  DE_CarotidAngio  1.0  D30f  B_80kV,B_80kV,L
1.3.12.2.1107.5.1.4.60320.30000017032200213916800066671,1.2.392.200046.100.14.20170322001325705,DE  DE_CarotidAngio  1.0  D30f  M_0.3,M_0.3,Mix
1.3.12.2.1107.5.99.2.9594.30000017032120105695300003947,1.2.392.200046.100.14.20170322001325705,DualEnergy BoneRemovalHead Suppressed #1,Suppressed,Suppressed
1.3.12.2.1107.5.1.4.60320.30020117032200231026800008132,1.2.392.200046.100.14.20170322001325705,<MIP Collection>,,
1.3.12.2.1107.5.1.4.60320.30000018062523464168400008079,1.2.392.200046.100.14.20180625002529200,DE  DE_HeadAngio  1.0  D30f  A_140kV,A_140kV,H
1.3.12.2.1107.5.1.4.60320.30000018062523464168400008080,1.2.392.200046.100.14.20180625002529200,DE  DE_HeadAngio  1.0  D30f  B_80kV,B_80kV,L
1.3.12.2.1107.5.1.4.60320.30000018062600184316100062181,1.2.392.200046.100.14.20180625002529200,DE  DE_HeadAngio  1.0  D30f  M_0.3,M_0.3,Mix
1.3.12.2.1107.5.99.2.9594.30000018062620565598400000128,1.2.392.200046.100.14.20180625002529200,DualEnergy BoneRemovalHead Suppressed #1,Suppressed,Suppressed
1.3.12.2.1107.5.99.2.9594.30000018061513222275000008312,1.2.392.200046.100.14.20180625002529200,<MIP Collection>,,
1.3.12.2.1107.5.99.2.9594.30000018061513222275000008327,1.2.392.200046.100.14.20180625002529200,<VRT Collection>,,
1.3.12.2.1107.5.1.4.60320.30000019032623352691100010722,1.2.392.200046.100.14.20190324001111072,DE  DE_CarotidAngio  1.0  D30f  A_140kV,A_140kV,H
1.3.12.2.1107.5.1.4.60320.30000019032623352691100010723,1.2.392.200046.100.14.20190324001111072,DE  DE_CarotidAngio  1.0  D30f  B_80kV,B_80kV,L
1.3.12.2.1107.5.1.4.60320.30000019032700045856600092259,1.2.392.200046.100.14.20190324001111072,DE  DE_CarotidAngio  1.0  D30f  M_0.3,M_0.3,Mix
1.3.12.2.1107.5.99.2.9594.30000019032607484885900016118,1.2.392.200046.100.14.20190324001111072,DualEnergy BoneRemovalHead Suppressed #1,Suppressed,Suppressed
1.3.12.2.1107.5.99.2.9594.30000019032110250810900006252,1.2.392.200046.100.14.20190324001111072,<VRT Collection>,,
1.3.12.2.1107.5.99.2.9594.30000019032110250810900006237,1.2.392.200046.100.14.20190324001111072,<MIP Collection>,,
1.3.12.2.1107.5.1.4.60320.30000016090600024508100005847,1.2.392.200046.100.14.20160905003913851,DE  DE_CarotidAngio  1.0  D30f  A_140kV,A_140kV,H
1.3.12.2.1107.5.1.4.60320.30000016090600024508100005848,1.2.392.200046.100.14.20160905003913851,DE  DE_CarotidAngio  1.0  D30f  B_80kV,B_80kV,L
1.3.12.2.1107.5.1.4.60320.30000016090600190303200046152,1.2.392.200046.100.14.20160905003913851,DE  DE_CarotidAngio  1.0  D30f  M_0.3,M_0.3,Mix
1.3.12.2.1107.5.99.2.9594.30000016090613565907800004136,1.2.392.200046.100.14.20160905003913851,DualEnergy BoneRemovalHead Suppressed #1,Suppressed,Suppressed
1.3.12.2.1107.5.1.4.60320.30000019071123422999900000956,1.2.392.200046.100.14.20190710024532391,DE  DE_CarotidAngio  1.0  D30f  A_140kV,A_140kV,H
1.3.12.2.1107.5.1.4.60320.30000019071123422999900000957,1.2.392.200046.100.14.20190710024532391,DE  DE_CarotidAngio  1.0  D30f  B_80kV,B_80kV,L
1.3.12.2.1107.5.1.4.60320.30000019071200055989100007472,1.2.392.200046.100.14.20190710024532391,DE  DE_CarotidAngio  1.0  D30f  M_0.3,M_0.3,Mix
1.3.12.2.1107.5.99.2.9594.30000019071207495515600004303,1.2.392.200046.100.14.20190710024532391,DualEnergy BoneRemovalHead Suppressed #1,Suppressed,Suppressed
1.3.12.2.1107.5.99.2.9594.30000019071116115756200001127,1.2.392.200046.100.14.20190710024532391,<MIP Collection>,,
1.3.12.2.1107.5.99.2.9594.30000019071116115756200001142,1.2.392.200046.100.14.20190710024532391,<VRT Collection>,,
1.3.12.2.1107.5.99.2.9594.30000018041223441115600001508,1.2.392.200046.100.14.2018041101367240,DualEnergy BoneRemovalHead Suppressed #1,Suppressed,Suppressed
1.3.12.2.1107.5.99.2.9594.30000018040920331089000002528,1.2.392.200046.100.14.2018041101367240,<VRT Collection>,,
1.3.12.2.1107.5.1.4.60320.30000019042223271967000010417,1.2.392.200046.100.14.20190423028519877,DE  DE_CarotidAngio  1.0  D30f  A_140kV,A_140kV,H
1.3.12.2.1107.5.1.4.60320.30000019042223271967000010418,1.2.392.200046.100.14.20190423028519877,DE  DE_CarotidAngio  1.0  D30f  B_80kV,B_80kV,L
1.3.12.2.1107.5.1.4.60320.30000019042300091141600091595,1.2.392.200046.100.14.20190423028519877,DE  DE_CarotidAngio  1.0  D30f  M_0.3,M_0.3,Mix
1.3.12.2.1107.5.99.2.9594.30000019042309402085900009625,1.2.392.200046.100.14.20190423028519877,DualEnergy BoneRemovalHead Suppressed #1,Suppressed,Suppressed
1.3.12.2.1107.5.1.4.60320.30020119042300324123400000595,1.2.392.200046.100.14.20190423028519877,<MIP Collection>,,
1.3.12.2.1107.5.1.4.60320.30020119042300324123400000613,1.2.392.200046.100.14.20190423028519877,<VRT Collection>,,
1.3.12.2.1107.5.1.4.60320.30000019052502535359300000086,1.2.392.200046.100.14.2019052501552800,DE  DE_CarotidAngio  1.0  D30f  A_140kV,A_140kV,H
1.3.12.2.1107.5.1.4.60320.30000019052502535359300000087,1.2.392.200046.100.14.2019052501552800,DE  DE_CarotidAngio  1.0  D30f  B_80kV,B_80kV,L
1.3.12.2.1107.5.1.4.60320.30000019052502555489700001199,1.2.392.200046.100.14.2019052501552800,DE  DE_CarotidAngio  1.0  D30f  M_0.3,M_0.3,Mix
1.3.12.2.1107.5.99.2.9594.30000019052611040806200000128,1.2.392.200046.100.14.2019052501552800,DualEnergy BoneRemovalHead Suppressed #1,Suppressed,Suppressed
1.3.12.2.1107.5.99.2.9594.30000019052611134784300000020,1.2.392.200046.100.14.2019052501552800,<MIP Collection>,,
1.3.12.2.1107.5.99.2.9594.30000019052611134784300000035,1.2.392.200046.100.14.2019052501552800,<VRT Collection>,,
1.3.12.2.1107.5.1.4.60320.30000016122300011855400005924,1.2.392.200046.100.14.2016122300341769,DE  DE_CarotidAngio  1.0  D30f  A_140kV,A_140kV,H
1.3.12.2.1107.5.1.4.60320.30000016122300011855400005925,1.2.392.200046.100.14.2016122300341769,DE  DE_CarotidAngio  1.0  D30f  B_80kV,B_80kV,L
1.3.12.2.1107.5.1.4.60320.30000016122300110940000067317,1.2.392.200046.100.14.2016122300341769,DE  DE_CarotidAngio  1.0  D30f  M_0.3,M_0.3,Mix
1.3.12.2.1107.5.99.2.9594.30000016122321231504600000128,1.2.392.200046.100.14.2016122300341769,DualEnergy BoneRemovalHead Suppressed #1,Suppressed,Suppressed
1.3.12.2.1107.5.99.2.9594.30000016122113161754600005288,1.2.392.200046.100.14.2016122300341769,<MIP Collection>,,
1.3.12.2.1107.5.99.2.9594.30000016122113161754600005303,1.2.392.200046.100.14.2016122300341769,<VRT Collection>,,
1.3.12.2.1107.5.1.4.60320.30000019080523491326000009106,1.2.392.200046.100.14.2019080602382401,DE  DE_CarotidAngio  1.0  D30f  A_140kV,A_140kV,H
1.3.12.2.1107.5.1.4.60320.30000019080523491326000009107,1.2.392.200046.100.14.2019080602382401,DE  DE_CarotidAngio  1.0  D30f  B_80kV,B_80kV,L
1.3.12.2.1107.5.1.4.60320.30000019080600032525100077977,1.2.392.200046.100.14.2019080602382401,DE  DE_CarotidAngio  1.0  D30f  M_0.3,M_0.3,Mix
1.3.12.2.1107.5.99.2.9594.30000019072708124820300044032,1.2.392.200046.100.14.2019080602382401,DualEnergy BoneRemovalHead Suppressed #1,Suppressed,Suppressed
1.3.12.2.1107.5.1.4.60320.30020119080603560656700006089,1.2.392.200046.100.14.2019080602382401,<MIP Collection>,,
1.3.12.2.1107.5.1.4.60320.30020119080603560656700006107,1.2.392.200046.100.14.2019080602382401,<VRT Collection>,,
1.3.12.2.1107.5.1.4.60320.30000016041423522031800003466,1.2.392.200046.100.14.20160415000729361,DE  DE_HeadAngio  1.0  D30f  A_140kV,A_140kV,H
1.3.12.2.1107.5.1.4.60320.30000016041423522031800003467,1.2.392.200046.100.14.20160415000729361,DE  DE_HeadAngio  1.0  D30f  B_80kV,B_80kV,L
1.3.12.2.1107.5.1.4.60320.30000016041500130195800032452,1.2.392.200046.100.14.20160415000729361,DE  DE_HeadAngio  1.0  D30f  M_0.3,M_0.3,Mix
1.3.12.2.1107.5.99.2.9594.30000016041514035664000001656,1.2.392.200046.100.14.20160415000729361,DualEnergy BoneRemovalHead Suppressed #1,Suppressed,Suppressed
1.3.12.2.1107.5.99.2.9594.30000016041421203176500002452,1.2.392.200046.100.14.20160415000729361,<MIP Collection>,,
1.3.12.2.1107.5.99.2.9594.30000016041421203176500002470,1.2.392.200046.100.14.20160415000729361,<VRT Collection>,,
1.3.12.2.1107.5.1.4.60320.30000018041523264044400004052,1.2.392.200046.100.14.20180416005619923,DE  DE_HeadAngio  1.0  D30f  B_80kV,B_80kV,L
1.3.12.2.1107.5.1.4.60320.30000018041600073365600035953,1.2.392.200046.100.14.20180416005619923,DE  DE_HeadAngio  1.0  D30f  M_0.3,M_0.3,Mix
1.3.12.2.1107.5.99.2.9594.30000018041413203020300005642,1.2.392.200046.100.14.20180416005619923,DualEnergy BoneRemovalHead Suppressed #1,Suppressed,Suppressed
1.3.12.2.1107.5.1.4.60320.30020118041600080086400005624,1.2.392.200046.100.14.20180416005619923,<MIP Collection>,,
1.3.12.2.1107.5.1.4.60320.30020118041600080086400005639,1.2.392.200046.100.14.20180416005619923,<VRT Collection>,,
1.3.12.2.1107.5.1.4.60320.30000016091123460801700001328,1.2.392.200046.100.14.20160910000624648,DE  DE_CarotidAngio  1.0  D30f  A_140kV,A_140kV,H
1.3.12.2.1107.5.1.4.60320.30000016091123460801700001329,1.2.392.200046.100.14.20160910000624648,DE  DE_CarotidAngio  1.0  D30f  B_80kV,B_80kV,L
1.3.12.2.1107.5.1.4.60320.30000016091200304692000009687,1.2.392.200046.100.14.20160910000624648,DE  DE_CarotidAngio  1.0  D30f  M_0.3,M_0.3,Mix
1.3.12.2.1107.5.99.2.9594.30000016090613565907800013021,1.2.392.200046.100.14.20160910000624648,DualEnergy BoneRemovalHead Suppressed #1,Suppressed,Suppressed
1.3.12.2.1107.5.1.4.60320.30020116091201241432500000142,1.2.392.200046.100.14.20160910000624648,<VRT Collection>,,
1.3.12.2.1107.5.1.4.60320.30020116091201241432500000127,1.2.392.200046.100.14.20160910000624648,<MIP Collection>,,
1.3.12.2.1107.5.1.4.60320.30000019040123443159500010336,1.3.12.2.1107.5.1.4.60320.30000019040200312299100000078,DE  DE_CarotidAngio  1.0  D30f  A_140kV,A_140kV,H
1.3.12.2.1107.5.1.4.60320.30000019040123443159500010337,1.3.12.2.1107.5.1.4.60320.30000019040200312299100000078,DE  DE_CarotidAngio  1.0  D30f  B_80kV,B_80kV,L
1.3.12.2.1107.5.1.4.60320.30000019040200342661700085854,1.3.12.2.1107.5.1.4.60320.30000019040200312299100000078,DE  DE_CarotidAngio  1.0  D30f  M_0.3,M_0.3,Mix
1.3.12.2.1107.5.99.2.9594.30000019033013292326500016554,1.3.12.2.1107.5.1.4.60320.30000019040200312299100000078,DualEnergy BoneRemovalHead Suppressed #1,Suppressed,Suppressed
1.3.12.2.1107.5.1.4.60320.30020119040200351279600000865,1.3.12.2.1107.5.1.4.60320.30000019040200312299100000078,<MIP Collection>,,
1.3.12.2.1107.5.1.4.60320.30020119040200351279600000881,1.3.12.2.1107.5.1.4.60320.30000019040200312299100000078,<VRT Collection>,,
1.3.12.2.1107.5.1.4.60320.30000019051223304004900012297,1.2.392.200046.100.14.2019051300269405,DE  DE_CarotidAngio  1.0  D30f  A_140kV,A_140kV,H
1.3.12.2.1107.5.1.4.60320.30000019051223304004900012298,1.2.392.200046.100.14.2019051300269405,DE  DE_CarotidAngio  1.0  D30f  B_80kV,B_80kV,L
1.3.12.2.1107.5.1.4.60320.30000019051300045587700100218,1.2.392.200046.100.14.2019051300269405,DE  DE_CarotidAngio  1.0  D30f  M_0.3,M_0.3,Mix
1.3.12.2.1107.5.99.2.9594.30000019051009454809300007155,1.2.392.200046.100.14.2019051300269405,DualEnergy BoneRemovalHead Suppressed #1,Suppressed,Suppressed
1.3.12.2.1107.5.99.2.9594.30000019050710081700000001827,1.2.392.200046.100.14.2019051300269405,<MIP Collection>,,
1.3.12.2.1107.5.99.2.9594.30000019050710081700000001842,1.2.392.200046.100.14.2019051300269405,<VRT Collection>,,
1.3.12.2.1107.5.1.4.60320.30000019042323375388200009744,1.2.392.200046.100.14.2019042302314978,DE  DE_CarotidAngio  1.0  D30f  A_140kV,A_140kV,H
1.3.12.2.1107.5.1.4.60320.30000019042323375388200009745,1.2.392.200046.100.14.2019042302314978,DE  DE_CarotidAngio  1.0  D30f  B_80kV,B_80kV,L
1.3.12.2.1107.5.1.4.60320.30000019042400094918500091895,1.2.392.200046.100.14.2019042302314978,DE  DE_CarotidAngio  1.0  D30f  M_0.3,M_0.3,Mix
1.3.12.2.1107.5.99.2.9594.30000019042309402085900014818,1.2.392.200046.100.14.2019042302314978,DualEnergy BoneRemovalHead Suppressed #1,Suppressed,Suppressed
1.3.12.2.1107.5.99.2.9594.30000019042315135756200002049,1.2.392.200046.100.14.2019042302314978,<MIP Collection>,,
1.3.12.2.1107.5.99.2.9594.30000019042315135756200002064,1.2.392.200046.100.14.2019042302314978,<VRT Collection>,,
1.3.12.2.1107.5.1.4.60320.30000017011700000696400004015,1.2.392.200046.100.14.20170117003230771,DE  DE_CarotidAngio  1.0  D30f  A_140kV,A_140kV,H
1.3.12.2.1107.5.1.4.60320.30000017011700000696400004016,1.2.392.200046.100.14.20170117003230771,DE  DE_CarotidAngio  1.0  D30f  B_80kV,B_80kV,L
1.3.12.2.1107.5.1.4.60320.30000017011700282824700037780,1.2.392.200046.100.14.20170117003230771,DE  DE_CarotidAngio  1.0  D30f  M_0.3,M_0.3,Mix
1.3.12.2.1107.5.99.2.9594.30000017011312573795300010865,1.2.392.200046.100.14.20170117003230771,DualEnergy BoneRemovalHead Suppressed #1,Suppressed,Suppressed
1.3.12.2.1107.5.1.4.60320.30020117011700411751000001016,1.2.392.200046.100.14.20170117003230771,<VRT Collection>,,
1.3.12.2.1107.5.1.4.60320.30020117011700411751000000999,1.2.392.200046.100.14.20170117003230771,<MIP Collection>,,
1.3.12.2.1107.5.1.4.60320.30000019053007014442600000581,1.2.392.200046.100.14.20190529050931810,DE  DE_CarotidAngio  1.0  D30f  A_140kV,A_140kV,H
1.3.12.2.1107.5.1.4.60320.30000019053007014442600000582,1.2.392.200046.100.14.20190529050931810,DE  DE_CarotidAngio  1.0  D30f  B_80kV,B_80kV,L
1.3.12.2.1107.5.1.4.60320.30000019053007143794800006287,1.2.392.200046.100.14.20190529050931810,DE  DE_CarotidAngio  1.0  D30f  M_0.3,M_0.3,Mix
1.3.12.2.1107.5.99.2.9594.30000019053108115989000003469,1.2.392.200046.100.14.20190529050931810,DualEnergy BoneRemovalHead Suppressed #1,Suppressed,Suppressed
1.3.12.2.1107.5.99.2.9594.30000019053108150160900000539,1.2.392.200046.100.14.20190529050931810,<MIP Collection>,,
1.3.12.2.1107.5.99.2.9594.30000019053108150160900000554,1.2.392.200046.100.14.20190529050931810,<VRT Collection>,,
1.3.12.2.1107.5.1.4.60320.30000018092500011128600002760,1.2.392.200046.100.14.20180925002530877,DE  DE_CarotidAngio  1.0  D30f  A_140kV,A_140kV,H
1.3.12.2.1107.5.1.4.60320.30000018092500011128600002761,1.2.392.200046.100.14.20180925002530877,DE  DE_CarotidAngio  1.0  D30f  B_80kV,B_80kV,L
1.3.12.2.1107.5.1.4.60320.30000018092500194436000023586,1.2.392.200046.100.14.20180925002530877,DE  DE_CarotidAngio  1.0  D30f  M_0.3,M_0.3,Mix
1.3.12.2.1107.5.99.2.9594.30000018092214541042100002065,1.2.392.200046.100.14.20180925002530877,DualEnergy BoneRemovalHead Suppressed #1,Suppressed,Suppressed
1.3.12.2.1107.5.99.2.9594.30000018092214025989000002683,1.2.392.200046.100.14.20180925002530877,<VRT Collection>,,
1.3.12.2.1107.5.99.2.9594.30000018092214025989000002663,1.2.392.200046.100.14.20180925002530877,<MIP Collection>,,
1.3.12.2.1107.5.1.4.60320.30000019032623352691100017092,1.2.392.200046.100.14.20190328016130212,DE  DE_CarotidAngio  1.0  D30f  A_140kV,A_140kV,H
1.3.12.2.1107.5.1.4.60320.30000019032623352691100017093,1.2.392.200046.100.14.20190328016130212,DE  DE_CarotidAngio  1.0  D30f  B_80kV,B_80kV,L
1.3.12.2.1107.5.1.4.60320.30000019032700045856600148937,1.2.392.200046.100.14.20190328016130212,DE  DE_CarotidAngio  1.0  D30f  M_0.3,M_0.3,Mix
1.3.12.2.1107.5.99.2.9594.30000019032607484885900021176,1.2.392.200046.100.14.20190328016130212,DualEnergy BoneRemovalHead Suppressed #1,Suppressed,Suppressed
1.3.12.2.1107.5.1.4.60320.30020119032702332651800000830,1.2.392.200046.100.14.20190328016130212,<MIP Collection>,,
1.3.12.2.1107.5.1.4.60320.30020119032702332651800000845,1.2.392.200046.100.14.20190328016130212,<VRT Collection>,,
1.3.12.2.1107.5.1.4.60320.30000019010200015193400004198,1.2.392.200046.100.14.20190102003527109,DE  DE_CarotidAngio  1.0  D30f  A_140kV,A_140kV,H
1.3.12.2.1107.5.1.4.60320.30000019010200015193400004199,1.2.392.200046.100.14.20190102003527109,DE  DE_CarotidAngio  1.0  D30f  B_80kV,B_80kV,L
1.3.12.2.1107.5.1.4.60320.30000019010200241121800035232,1.2.392.200046.100.14.20190102003527109,DE  DE_CarotidAngio  1.0  D30f  M_0.3,M_0.3,Mix
1.3.12.2.1107.5.99.2.9594.30000018123123194809300003103,1.2.392.200046.100.14.20190102003527109,DualEnergy BoneRemovalHead Suppressed #1,Suppressed,Suppressed
1.3.12.2.1107.5.99.2.9594.30000018123115091137500003005,1.2.392.200046.100.14.20190102003527109,<MIP Collection>,,
1.3.12.2.1107.5.99.2.9594.30000018123115091137500003020,1.2.392.200046.100.14.20190102003527109,<VRT Collection>,,
1.3.12.2.1107.5.1.4.60320.30000017120723415667200002092,1.2.392.200046.100.14.20171208000826869,DE  DE_CarotidAngio  1.0  D30f  A_140kV,A_140kV,H
1.3.12.2.1107.5.1.4.60320.30000017120723415667200002093,1.2.392.200046.100.14.20171208000826869,DE  DE_CarotidAngio  1.0  D30f  B_80kV,B_80kV,L
1.3.12.2.1107.5.1.4.60320.30000017120800120249600016615,1.2.392.200046.100.14.20171208000826869,DE  DE_CarotidAngio  1.0  D30f  M_0.3,M_0.3,Mix
1.3.12.2.1107.5.99.2.9594.30000017120811525510900000208,1.2.392.200046.100.14.20171208000826869,DualEnergy BoneRemovalHead Suppressed #1,Suppressed,Suppressed
1.3.12.2.1107.5.99.2.9594.30000017120119350054600003012,1.2.392.200046.100.14.20171208000826869,<MIP Collection>,,
1.3.12.2.1107.5.99.2.9594.30000017120119350054600003027,1.2.392.200046.100.14.20171208000826869,<VRT Collection>,,
1.3.12.2.1107.5.1.4.60320.30000018041923590892600007369,1.2.392.200046.100.14.2018042000428850,DE  DE_HeadAngio  1.0  D30f  A_140kV,A_140kV,H
1.3.12.2.1107.5.1.4.60320.30000018041923590892600007370,1.2.392.200046.100.14.2018042000428850,DE  DE_HeadAngio  1.0  D30f  B_80kV,B_80kV,L
1.3.12.2.1107.5.1.4.60320.30000018042000115287200072439,1.2.392.200046.100.14.2018042000428850,DE  DE_HeadAngio  1.0  D30f  M_0.3,M_0.3,Mix
1.3.12.2.1107.5.99.2.9594.30000018041913171006200001860,1.2.392.200046.100.14.2018042000428850,<VRT Collection>,,
1.3.12.2.1107.5.99.2.9594.30000018041913171006200001855,1.2.392.200046.100.14.2018042000428850,<MIP Collection>,,
1.3.12.2.1107.5.1.4.60320.30000019051223304004900009418,1.2.392.200046.100.14.2019051102337720,DE  DE_CarotidAngio  1.0  D30f  A_140kV,A_140kV,H
1.3.12.2.1107.5.1.4.60320.30000019051223304004900009419,1.2.392.200046.100.14.2019051102337720,DE  DE_CarotidAngio  1.0  D30f  B_80kV,B_80kV,L
1.3.12.2.1107.5.1.4.60320.30000019051300045587700078247,1.2.392.200046.100.14.2019051102337720,DE  DE_CarotidAngio  1.0  D30f  M_0.3,M_0.3,Mix
1.3.12.2.1107.5.99.2.9594.30000019051009454809300005600,1.2.392.200046.100.14.2019051102337720,DualEnergy BoneRemovalHead Suppressed #1,Suppressed,Suppressed
1.3.12.2.1107.5.1.4.60320.30020119051300211750900000522,1.2.392.200046.100.14.2019051102337720,<MIP Collection>,,
1.3.12.2.1107.5.1.4.60320.30020119051300211750900000537,1.2.392.200046.100.14.2019051102337720,<VRT Collection>,,
1.3.12.2.1107.5.1.4.60320.30000018012523490602600004335,1.2.392.200046.100.14.20180126003621003,DE  DE_CarotidAngio  1.0  D30f  A_140kV,A_140kV,H
1.3.12.2.1107.5.1.4.60320.30000018012523490602600004336,1.2.392.200046.100.14.20180126003621003,DE  DE_CarotidAngio  1.0  D30f  B_80kV,B_80kV,L
1.3.12.2.1107.5.1.4.60320.30000018012600121058100034697,1.2.392.200046.100.14.20180126003621003,DE  DE_CarotidAngio  1.0  D30f  M_0.3,M_0.3,Mix
1.3.12.2.1107.5.99.2.9594.30000018012614055432800001799,1.2.392.200046.100.14.20180126003621003,DualEnergy BoneRemovalHead Suppressed #1,Suppressed,Suppressed
1.3.12.2.1107.5.99.2.9594.30000018012415183526500002206,1.2.392.200046.100.14.20180126003621003,<VRT Collection>,,
1.3.12.2.1107.5.99.2.9594.30000018012415183526500002191,1.2.392.200046.100.14.20180126003621003,<MIP Collection>,,
1.3.12.2.1107.5.1.4.60320.30000019031803214456100002984,1.2.392.200046.100.14.20190317003328168,DE  DE_CarotidAngio  1.0  D30f  A_140kV,A_140kV,H
1.3.12.2.1107.5.1.4.60320.30000019031803214456100002985,1.2.392.200046.100.14.20190317003328168,DE  DE_CarotidAngio  1.0  D30f  B_80kV,B_80kV,L
1.3.12.2.1107.5.1.4.60320.30000019031803295737500023864,1.2.392.200046.100.14.20190317003328168,DE  DE_CarotidAngio  1.0  D30f  M_0.3,M_0.3,Mix
1.3.12.2.1107.5.99.2.9594.30000019031616482293700001918,1.2.392.200046.100.14.20190317003328168,DualEnergy BoneRemovalHead Suppressed #1,Suppressed,Suppressed
1.3.12.2.1107.5.99.2.9594.30000019031306540739000005328,1.2.392.200046.100.14.20190317003328168,<VRT Collection>,,
1.3.12.2.1107.5.99.2.9594.30000019031306540739000005313,1.2.392.200046.100.14.20190317003328168,<MIP Collection>,,
1.3.12.2.1107.5.1.4.60320.30000018061823445176400006240,1.3.12.2.1107.5.1.4.60320.30000018061900134750000000036,DE  DE_CarotidAngio  1.0  D30f  A_140kV,A_140kV,H
1.3.12.2.1107.5.1.4.60320.30000018061823445176400006241,1.3.12.2.1107.5.1.4.60320.30000018061900134750000000036,DE  DE_CarotidAngio  1.0  D30f  B_80kV,B_80kV,L
1.3.12.2.1107.5.1.4.60320.30000018061900172837900049253,1.3.12.2.1107.5.1.4.60320.30000018061900134750000000036,DE  DE_CarotidAngio  1.0  D30f  M_0.3,M_0.3,Mix
1.3.12.2.1107.5.99.2.9594.30000018061914462653100001620,1.3.12.2.1107.5.1.4.60320.30000018061900134750000000036,DualEnergy BoneRemovalHead Suppressed #1,Suppressed,Suppressed
1.3.12.2.1107.5.99.2.9594.30000018061513222275000003790,1.3.12.2.1107.5.1.4.60320.30000018061900134750000000036,<VRT Collection>,,
1.3.12.2.1107.5.99.2.9594.30000018061513222275000003775,1.3.12.2.1107.5.1.4.60320.30000018061900134750000000036,<MIP Collection>,,
1.3.12.2.1107.5.1.4.60320.30000016032123431323800000884,1.2.392.200046.100.14.20160321006626362,DE  DE_CarotidAngio  1.0  D30f  A_140kV,A_140kV,H
1.3.12.2.1107.5.1.4.60320.30000016032123431323800000885,1.2.392.200046.100.14.20160321006626362,DE  DE_CarotidAngio  1.0  D30f  B_80kV,B_80kV,L
1.3.12.2.1107.5.1.4.60320.30000016032200232828900009992,1.2.392.200046.100.14.20160321006626362,DE  DE_CarotidAngio  1.0  D30f  M_0.3,M_0.3,Mix
1.3.12.2.1107.5.99.2.9594.30000016032120224846800005693,1.2.392.200046.100.14.20160321006626362,DualEnergy BoneRemovalHead Suppressed #1,Suppressed,Suppressed
1.3.12.2.1107.5.99.2.9594.30000016032119413662500006854,1.2.392.200046.100.14.20160321006626362,<MIP Collection>,,
1.3.12.2.1107.5.99.2.9594.30000016032119413662500006872,1.2.392.200046.100.14.20160321006626362,<VRT Collection>,,
1.3.12.2.1107.5.1.4.60320.30000018110600083595100007023,1.2.392.200046.100.14.20181105010532196,DE  DE_CarotidAngio  1.0  D30f  A_140kV,A_140kV,H
1.3.12.2.1107.5.1.4.60320.30000018110600083595100007024,1.2.392.200046.100.14.20181105010532196,DE  DE_CarotidAngio  1.0  D30f  B_80kV,B_80kV,L
1.3.12.2.1107.5.1.4.60320.30000018110600204990000061408,1.2.392.200046.100.14.20181105010532196,DE  DE_CarotidAngio  1.0  D30f  M_0.3,M_0.3,Mix
1.3.12.2.1107.5.99.2.9594.30000018110610182550000007687,1.2.392.200046.100.14.20181105010532196,DualEnergy BoneRemovalHead Suppressed #1,Suppressed,Suppressed
1.3.12.2.1107.5.99.2.9594.30000018103018313640600007714,1.2.392.200046.100.14.20181105010532196,<MIP Collection>,,
1.3.12.2.1107.5.99.2.9594.30000018103018313640600007729,1.2.392.200046.100.14.20181105010532196,<VRT Collection>,,
1.3.12.2.1107.5.1.4.60320.30000015121723573802100004795,1.2.392.200046.100.14.20151218005414333,DE  DE_CarotidAngio  1.0  D30f  A_140kV,A_140kV,H
1.3.12.2.1107.5.1.4.60320.30000015121723573802100004796,1.2.392.200046.100.14.20151218005414333,DE  DE_CarotidAngio  1.0  D30f  B_80kV,B_80kV,L
1.3.12.2.1107.5.1.4.60320.30000015121800215554500040337,1.2.392.200046.100.14.20151218005414333,DE  DE_CarotidAngio  1.0  D30f  M_0.3,M_0.3,Mix
1.3.12.2.1107.5.99.2.9594.30000015121800330885900002009,1.2.392.200046.100.14.20151218005414333,DualEnergy BoneRemovalHead Suppressed #1,Suppressed,Suppressed
1.3.12.2.1107.5.99.2.9594.30000015121807111006200000594,1.2.392.200046.100.14.20151218005414333,<VRT Collection>,,
1.3.12.2.1107.5.99.2.9594.30000015121807111006200000548,1.2.392.200046.100.14.20151218005414333,<MIP Collection>,,
1.3.12.2.1107.5.1.4.60320.30000016101100030231500004093,1.2.392.200046.100.14.20161010006111075,DE  DE_CarotidAngio  1.0  D30f  A_140kV,A_140kV,H
1.3.12.2.1107.5.1.4.60320.30000016101100030231500004094,1.2.392.200046.100.14.20161010006111075,DE  DE_CarotidAngio  1.0  D30f  B_80kV,B_80kV,L
1.3.12.2.1107.5.1.4.60320.30000016101100160725300030668,1.2.392.200046.100.14.20161010006111075,DE  DE_CarotidAngio  1.0  D30f  M_0.3,M_0.3,Mix
1.3.12.2.1107.5.99.2.9594.30000016101113160923400001737,1.2.392.200046.100.14.20161010006111075,DualEnergy BoneRemovalHead Suppressed #1,Suppressed,Suppressed
1.3.12.2.1107.5.99.2.9594.30000016100318373048400013669,1.2.392.200046.100.14.20161010006111075,<VRT Collection>,,
1.3.12.2.1107.5.99.2.9594.30000016100318373048400013632,1.2.392.200046.100.14.20161010006111075,<MIP Collection>,,
1.3.12.2.1107.5.1.4.60320.30000018071023382572600009092,1.2.392.200046.100.14.2018071100781364,DE  DE_CarotidAngio  1.0  D30f  A_140kV,A_140kV,H
1.3.12.2.1107.5.1.4.60320.30000018071023382572600009093,1.2.392.200046.100.14.2018071100781364,DE  DE_CarotidAngio  1.0  D30f  B_80kV,B_80kV,L
1.3.12.2.1107.5.1.4.60320.30000018071100214777400075199,1.2.392.200046.100.14.2018071100781364,DE  DE_CarotidAngio  1.0  D30f  M_0.3,M_0.3,Mix
1.3.12.2.1107.5.99.2.9594.30000018071113200014000001812,1.2.392.200046.100.14.2018071100781364,DualEnergy BoneRemovalHead Suppressed #1,Suppressed,Suppressed
1.3.12.2.1107.5.1.4.60320.30020118071101332863200001854,1.2.392.200046.100.14.2018071100781364,<VRT Collection>,,
1.3.12.2.1107.5.1.4.60320.30020118071101332863200001849,1.2.392.200046.100.14.2018071100781364,<MIP Collection>,,
1.3.12.2.1107.5.1.4.60320.30000018112123494401300007902,1.2.392.200046.100.14.2018112200261695,DE  DE_CarotidAngio  1.0  D30f  A_140kV,A_140kV,H
1.3.12.2.1107.5.1.4.60320.30000018112123494401300007903,1.2.392.200046.100.14.2018112200261695,DE  DE_CarotidAngio  1.0  D30f  B_80kV,B_80kV,L
1.3.12.2.1107.5.1.4.60320.30000018112200414264400065538,1.2.392.200046.100.14.2018112200261695,DE  DE_CarotidAngio  1.0  D30f  M_0.3,M_0.3,Mix
1.3.12.2.1107.5.99.2.9594.30000018112215154417100005086,1.2.392.200046.100.14.2018112200261695,DualEnergy BoneRemovalHead Suppressed #1,Suppressed,Suppressed
1.3.12.2.1107.5.99.2.9594.30000018111310393798400009502,1.2.392.200046.100.14.2018112200261695,<VRT Collection>,,
1.3.12.2.1107.5.99.2.9594.30000018111310393798400009488,1.2.392.200046.100.14.2018112200261695,<MIP Collection>,,
1.3.12.2.1107.5.1.4.60320.30000019040723485267500001826,1.2.392.200046.100.14.20190404034830695,DE  DE_CarotidAngio  1.0  D30f  A_140kV,A_140kV,H
1.3.12.2.1107.5.1.4.60320.30000018062623330393900003093,1.3.12.2.1107.5.1.4.60320.30000018062700162587300000022,DE  DE_HeadAngio  1.0  D30f  A_140kV,A_140kV,H
1.3.12.2.1107.5.1.4.60320.30000018062623330393900003094,1.3.12.2.1107.5.1.4.60320.30000018062700162587300000022,DE  DE_HeadAngio  1.0  D30f  B_80kV,B_80kV,L
1.3.12.2.1107.5.1.4.60320.30000018062700173397900027926,1.3.12.2.1107.5.1.4.60320.30000018062700162587300000022,DE  DE_HeadAngio  1.0  D30f  M_0.3,M_0.3,Mix
1.3.12.2.1107.5.99.2.9594.30000018062620565598400003549,1.3.12.2.1107.5.1.4.60320.30000018062700162587300000022,DualEnergy BoneRemovalHead Suppressed #1,Suppressed,Suppressed
1.3.12.2.1107.5.99.2.9594.30000018061513222275000008689,1.3.12.2.1107.5.1.4.60320.30000018062700162587300000022,<VRT Collection>,,
1.3.12.2.1107.5.99.2.9594.30000018061513222275000008675,1.3.12.2.1107.5.1.4.60320.30000018062700162587300000022,<MIP Collection>,,
1.3.12.2.1107.5.1.4.60320.30000016120200030429100005287,1.2.392.200046.100.14.20161202005126816,DE  DE_CarotidAngio  1.0  D30f  A_140kV,A_140kV,H
1.3.12.2.1107.5.1.4.60320.30000016120200030429100005295,1.2.392.200046.100.14.20161202005126816,DE  DE_CarotidAngio  1.0  D30f  B_80kV,B_80kV,L
1.3.12.2.1107.5.1.4.60320.30000016120200192255300049454,1.2.392.200046.100.14.20161202005126816,DE  DE_CarotidAngio  1.0  D30f  M_0.3,M_0.3,Mix
1.3.12.2.1107.5.99.2.9594.30000016120112474834300008906,1.2.392.200046.100.14.20161202005126816,DualEnergy BoneRemovalHead Suppressed #1,Suppressed,Suppressed
1.3.12.2.1107.5.99.2.9594.30000016120221040575000000025,1.2.392.200046.100.14.20161202005126816,<MIP Collection>,,
1.3.12.2.1107.5.99.2.9594.30000016120221040575000000056,1.2.392.200046.100.14.20161202005126816,<VRT Collection>,,
1.3.12.2.1107.5.1.4.60320.30000017101223332333800006833,1.2.392.200046.100.14.20171012002523073,DE  DE_CarotidAngio  1.0  D30f  A_140kV,A_140kV,H
1.3.12.2.1107.5.1.4.60320.30000017101223332333800006834,1.2.392.200046.100.14.20171012002523073,DE  DE_CarotidAngio  1.0  D30f  B_80kV,B_80kV,L
1.3.12.2.1107.5.1.4.60320.30000017101300143240400054098,1.2.392.200046.100.14.20171012002523073,DE  DE_CarotidAngio  1.0  D30f  M_0.3,M_0.3,Mix
1.3.12.2.1107.5.99.2.9594.30000017101319513007800000128,1.2.392.200046.100.14.20171012002523073,DualEnergy BoneRemovalHead Suppressed #1,Suppressed,Suppressed
1.3.12.2.1107.5.1.4.60320.30020117101309104849900000025,1.2.392.200046.100.14.20171012002523073,<VRT Collection>,,
1.3.12.2.1107.5.1.4.60320.30020117101309104849900000011,1.2.392.200046.100.14.20171012002523073,<MIP Collection>,,
1.3.12.2.1107.5.1.4.60320.30000018093000032328600004020,1.2.392.200046.100.14.20180930001718238,DE  DE_CarotidAngio  1.0  D30f  A_140kV,A_140kV,H
1.3.12.2.1107.5.1.4.60320.30000018093000032328600004021,1.2.392.200046.100.14.20180930001718238,DE  DE_CarotidAngio  1.0  D30f  B_80kV,B_80kV,L
1.3.12.2.1107.5.1.4.60320.30000018093000145141100030306,1.2.392.200046.100.14.20180930001718238,DE  DE_CarotidAngio  1.0  D30f  M_0.3,M_0.3,Mix
1.3.12.2.1107.5.99.2.9594.30000018093016585967100003427,1.2.392.200046.100.14.20180930001718238,DualEnergy BoneRemovalHead Suppressed #1,Suppressed,Suppressed
1.3.12.2.1107.5.99.2.9594.30000018092616321987500003156,1.2.392.200046.100.14.20180930001718238,<VRT Collection>,,
1.3.12.2.1107.5.99.2.9594.30000018092616321987500003139,1.2.392.200046.100.14.20180930001718238,<MIP Collection>,,
1.3.12.2.1107.5.1.4.60320.30000015120423540674000000239,1.2.392.200046.100.14.20151204009615141,DE  DE_HeadAngio  1.0  D30f  A_140kV,A_140kV,H
1.3.12.2.1107.5.1.4.60320.30000015120423540674000000240,1.2.392.200046.100.14.20151204009615141,DE  DE_HeadAngio  1.0  D30f  B_80kV,B_80kV,L
1.3.12.2.1107.5.1.4.60320.30000015120500145572700005319,1.2.392.200046.100.14.20151204009615141,DE  DE_HeadAngio  1.0  D30f  M_0.3,M_0.3,Mix
1.3.12.2.1107.5.99.2.9594.30000015120500132381200000294,1.2.392.200046.100.14.20151204009615141,DualEnergy BoneRemovalHead Suppressed #1,Suppressed,Suppressed
1.3.12.2.1107.5.99.2.9594.30000015120407461279600004256,1.2.392.200046.100.14.20151204009615141,<MIP Collection>,,
1.3.12.2.1107.5.99.2.9594.30000015120407461279600004271,1.2.392.200046.100.14.20151204009615141,<VRT Collection>,,
1.3.12.2.1107.5.1.4.60320.30000018011723352973200005877,1.2.392.200046.100.14.20180118006222501,DE  DE_CarotidAngio  1.0  D30f  A_140kV,A_140kV,H
1.3.12.2.1107.5.1.4.60320.30000018011723352973200005878,1.2.392.200046.100.14.20180118006222501,DE  DE_CarotidAngio  1.0  D30f  B_80kV,B_80kV,L
1.3.12.2.1107.5.1.4.60320.30000018011800451783300046612,1.2.392.200046.100.14.20180118006222501,DE  DE_CarotidAngio  1.0  D30f  M_0.3,M_0.3,Mix
1.3.12.2.1107.5.99.2.9594.30000018011820225512500000128,1.2.392.200046.100.14.20180118006222501,DualEnergy BoneRemovalHead Suppressed #1,Suppressed,Suppressed
1.3.12.2.1107.5.99.2.9594.30000018010921122029600010514,1.2.392.200046.100.14.20180118006222501,<VRT Collection>,,
1.3.12.2.1107.5.99.2.9594.30000018010921122029600010508,1.2.392.200046.100.14.20180118006222501,<MIP Collection>,,
1.3.12.2.1107.5.1.4.60320.30000017061223393305800008306,1.2.392.200046.100.14.2017061300493625,DE  DE_HeadAngio  1.0  D30f  A_140kV,A_140kV,H
1.3.12.2.1107.5.1.4.60320.30000017061223393305800008307,1.2.392.200046.100.14.2017061300493625,DE  DE_HeadAngio  1.0  D30f  B_80kV,B_80kV,L
1.3.12.2.1107.5.1.4.60320.30000017061300222324000074405,1.2.392.200046.100.14.2017061300493625,DE  DE_HeadAngio  1.0  D30f  M_0.3,M_0.3,Mix
1.3.12.2.1107.5.99.2.9594.30000017061314070257800002370,1.2.392.200046.100.14.2017061300493625,DualEnergy BoneRemovalHead Suppressed #1,Suppressed,Suppressed
1.3.12.2.1107.5.1.4.60320.30020117061301072859100000435,1.2.392.200046.100.14.2017061300493625,<MIP Collection>,,
1.3.12.2.1107.5.1.4.60320.30020117061301072859100000450,1.2.392.200046.100.14.2017061300493625,<VRT Collection>,,
1.3.12.2.1107.5.1.4.60320.30000016031723521431700006148,1.2.392.200046.100.14.20160318004714801,DE  DE_CarotidAngio  1.0  D30f  A_140kV,A_140kV,H
1.3.12.2.1107.5.1.4.60320.30000016031723521431700006149,1.2.392.200046.100.14.20160318004714801,DE  DE_CarotidAngio  1.0  D30f  B_80kV,B_80kV,L
1.3.12.2.1107.5.1.4.60320.30000016031800121882000053163,1.2.392.200046.100.14.20160318004714801,DE  DE_CarotidAngio  1.0  D30f  M_0.3,M_0.3,Mix
1.3.12.2.1107.5.99.2.9594.30000016031818380934300000607,1.2.392.200046.100.14.20160318004714801,DualEnergy BoneRemovalHead Suppressed #1,Suppressed,Suppressed
1.3.12.2.1107.5.99.2.9594.30000016031813170543700001691,1.2.392.200046.100.14.20160318004714801,<MIP Collection>,,
1.3.12.2.1107.5.99.2.9594.30000016031813170543700001709,1.2.392.200046.100.14.20160318004714801,<VRT Collection>,,
1.3.12.2.1107.5.1.4.60320.30000019053007014442600000679,1.2.392.200046.100.14.20190530032622012,DE  DE_CarotidAngio  1.0  D30f  A_140kV,A_140kV,H
1.3.12.2.1107.5.1.4.60320.30000019053007014442600000680,1.2.392.200046.100.14.20190530032622012,DE  DE_CarotidAngio  1.0  D30f  B_80kV,B_80kV,L
1.3.12.2.1107.5.1.4.60320.30000019053007143794800008162,1.2.392.200046.100.14.20190530032622012,DE  DE_CarotidAngio  1.0  D30f  M_0.3,M_0.3,Mix
1.3.12.2.1107.5.99.2.9594.30000019053116594032800000128,1.2.392.200046.100.14.20190530032622012,DualEnergy BoneRemovalHead Suppressed #1,Suppressed,Suppressed
1.3.12.2.1107.5.99.2.9594.30000019053108150160900001266,1.2.392.200046.100.14.20190530032622012,<MIP Collection>,,
1.3.12.2.1107.5.99.2.9594.30000019053108150160900001281,1.2.392.200046.100.14.20190530032622012,<VRT Collection>,,
1.3.12.2.1107.5.1.4.60320.30000019080523491326000008944,1.2.392.200046.100.14.20190806035325302,DE  DE_CarotidAngio  1.0  D30f  A_140kV,A_140kV,H
1.3.12.2.1107.5.1.4.60320.30000019080523491326000008945,1.2.392.200046.100.14.20190806035325302,DE  DE_CarotidAngio  1.0  D30f  B_80kV,B_80kV,L
1.3.12.2.1107.5.1.4.60320.30000019080600032525100075161,1.2.392.200046.100.14.20190806035325302,DE  DE_CarotidAngio  1.0  D30f  M_0.3,M_0.3,Mix
1.3.12.2.1107.5.99.2.9594.30000019072708124820300045650,1.2.392.200046.100.14.20190806035325302,DualEnergy BoneRemovalHead Suppressed #1,Suppressed,Suppressed
1.2.840.113619.2.80.2810121827.186439.1565085502.6.5.1,1.2.392.200046.100.14.20190806035325302,Filtered image : Smooth 3D+ - Processed Images,,
1.2.840.113619.2.80.2810121827.186439.1565085436.1.7.1,1.2.392.200046.100.14.20190806035325302,Processed Images,,
1.3.12.2.1107.5.1.4.60320.30000018081923460838400003694,1.2.392.200046.100.14.20180818002529565,DE  DE_HeadAngio  1.0  D30f  A_140kV,A_140kV,H
1.3.12.2.1107.5.1.4.60320.30000018081923460838400003695,1.2.392.200046.100.14.20180818002529565,DE  DE_HeadAngio  1.0  D30f  B_80kV,B_80kV,L
1.3.12.2.1107.5.1.4.60320.30000018082000193228000027571,1.2.392.200046.100.14.20180818002529565,DE  DE_HeadAngio  1.0  D30f  M_0.3,M_0.3,Mix
1.3.12.2.1107.5.99.2.9594.30000018081807134601500004212,1.2.392.200046.100.14.20180818002529565,DualEnergy BoneRemovalHead Suppressed #1,Suppressed,Suppressed
1.3.12.2.1107.5.99.2.9594.30000018081807483548400001235,1.2.392.200046.100.14.20180818002529565,<MIP Collection>,,
1.3.12.2.1107.5.99.2.9594.30000018081807483548400001250,1.2.392.200046.100.14.20180818002529565,<VRT Collection>,,
1.3.12.2.1107.5.1.4.60320.30000019063023161037700010182,1.2.392.200046.100.14.2019062803407171,DE  DE_CarotidAngio  1.0  D30f  A_140kV,A_140kV,H
1.3.12.2.1107.5.1.4.60320.30000019063023161037700010183,1.2.392.200046.100.14.2019062803407171,DE  DE_CarotidAngio  1.0  D30f  B_80kV,B_80kV,L
1.3.12.2.1107.5.1.4.60320.30000019070100033731800087897,1.2.392.200046.100.14.2019062803407171,DE  DE_CarotidAngio  1.0  D30f  M_0.3,M_0.3,Mix
1.3.12.2.1107.5.99.2.9594.30000019070210370610900000401,1.2.392.200046.100.14.2019062803407171,DualEnergy BoneRemovalHead Suppressed #1,Suppressed,Suppressed
1.3.12.2.1107.5.99.2.9594.30000019062113274709300004334,1.2.392.200046.100.14.2019062803407171,<MIP Collection>,,
1.3.12.2.1107.5.99.2.9594.30000019062113274709300004349,1.2.392.200046.100.14.2019062803407171,<VRT Collection>,,
1.3.12.2.1107.5.1.4.60320.30000018030700012623900013332,1.2.392.200046.100.14.20180307004325089,DE  DE_CarotidAngio  1.0  D30f  A_140kV,A_140kV,H
1.3.12.2.1107.5.1.4.60320.30000018030700012623900013333,1.2.392.200046.100.14.20180307004325089,DE  DE_CarotidAngio  1.0  D30f  B_80kV,B_80kV,L
1.3.12.2.1107.5.1.4.60320.30000018030700115068400097147,1.2.392.200046.100.14.20180307004325089,DE  DE_CarotidAngio  1.0  D30f  M_0.3,M_0.3,Mix
1.3.12.2.1107.5.99.2.9594.30000018030722344667100000128,1.2.392.200046.100.14.20180307004325089,DualEnergy BoneRemovalHead Suppressed #1,Suppressed,Suppressed
1.3.12.2.1107.5.99.2.9594.30000018030720533809300000330,1.2.392.200046.100.14.20180307004325089,<VRT Collection>,,
1.3.12.2.1107.5.99.2.9594.30000018030720533809300000316,1.2.392.200046.100.14.20180307004325089,<MIP Collection>,,
1.3.12.2.1107.5.1.4.60320.30000019051923271729900010061,1.2.392.200046.100.14.2019051801867721,DE  DE_CarotidAngio  1.0  D30f  A_140kV,A_140kV,H
1.3.12.2.1107.5.1.4.60320.30000019051923271729900010062,1.2.392.200046.100.14.2019051801867721,DE  DE_CarotidAngio  1.0  D30f  B_80kV,B_80kV,L
1.3.12.2.1107.5.1.4.60320.30000019052000084563400090596,1.2.392.200046.100.14.2019051801867721,DE  DE_CarotidAngio  1.0  D30f  M_0.3,M_0.3,Mix
1.3.12.2.1107.5.99.2.9594.30000019051714472243700018886,1.2.392.200046.100.14.2019051801867721,DualEnergy BoneRemovalHead Suppressed #1,Suppressed,Suppressed
1.3.12.2.1107.5.99.2.9594.30000019051714510923400002611,1.2.392.200046.100.14.2019051801867721,<MIP Collection>,,
1.3.12.2.1107.5.99.2.9594.30000019051714510923400002626,1.2.392.200046.100.14.2019051801867721,<VRT Collection>,,
1.3.12.2.1107.5.1.4.60320.30000016021823544358200006372,1.3.12.2.1107.5.1.4.60320.30000016021900073666000000121,DE  DE_CarotidAngio  1.0  D30f  A_140kV,A_140kV,H
1.3.12.2.1107.5.1.4.60320.30000016021823544358200006373,1.3.12.2.1107.5.1.4.60320.30000016021900073666000000121,DE  DE_CarotidAngio  1.0  D30f  B_80kV,B_80kV,L
1.3.12.2.1107.5.1.4.60320.30000016021900144180900073828,1.3.12.2.1107.5.1.4.60320.30000016021900073666000000121,DE  DE_CarotidAngio  1.0  D30f  M_0.3,M_0.3,Mix
1.3.12.2.1107.5.99.2.9594.30000016021903313804600009546,1.3.12.2.1107.5.1.4.60320.30000016021900073666000000121,DualEnergy BoneRemovalHead Suppressed #1,Suppressed,Suppressed
1.3.12.2.1107.5.99.2.9594.30000016021910510598400000613,1.3.12.2.1107.5.1.4.60320.30000016021900073666000000121,<VRT Collection>,,
1.3.12.2.1107.5.99.2.9594.30000016021910510598400000598,1.3.12.2.1107.5.1.4.60320.30000016021900073666000000121,<MIP Collection>,,
1.3.12.2.1107.5.1.4.60320.30000015112400142504200001964,1.2.392.200046.100.14.20151123004130527,DE  DE_CarotidAngio  1.0  D30f  A_140kV,A_140kV,H
1.3.12.2.1107.5.1.4.60320.30000015112400142504200001965,1.2.392.200046.100.14.20151123004130527,DE  DE_CarotidAngio  1.0  D30f  B_80kV,B_80kV,L
1.3.12.2.1107.5.1.4.60320.30000015112400343595600013750,1.2.392.200046.100.14.20151123004130527,DE  DE_CarotidAngio  1.0  D30f  M_0.3,M_0.3,Mix
1.3.12.2.1107.5.99.2.9594.30000015112302143379600003834,1.2.392.200046.100.14.20151123004130527,DualEnergy BoneRemovalHead Suppressed #1,Suppressed,Suppressed
1.3.12.2.1107.5.99.2.9594.30000015112300281435900003271,1.2.392.200046.100.14.20151123004130527,<VRT Collection>,,
1.3.12.2.1107.5.99.2.9594.30000015112300281435900003247,1.2.392.200046.100.14.20151123004130527,<MIP Collection>,,
1.3.12.2.1107.5.1.4.60320.30000019012023592565300006906,1.2.392.200046.100.14.2019011704749180,DE  DE_CarotidAngio  1.0  D30f  A_140kV,A_140kV,H
1.3.12.2.1107.5.1.4.60320.30000019012023592565300006907,1.2.392.200046.100.14.2019011704749180,DE  DE_CarotidAngio  1.0  D30f  B_80kV,B_80kV,L
1.3.12.2.1107.5.1.4.60320.30000019012100230830800053416,1.2.392.200046.100.14.2019011704749180,DE  DE_CarotidAngio  1.0  D30f  M_0.3,M_0.3,Mix
1.3.12.2.1107.5.99.2.9594.30000019012215113151500000128,1.2.392.200046.100.14.2019011704749180,DualEnergy BoneRemovalHead Suppressed #1,Suppressed,Suppressed
1.3.12.2.1107.5.99.2.9594.30000019012209343173400000174,1.2.392.200046.100.14.2019011704749180,<MIP Collection>,,
1.3.12.2.1107.5.99.2.9594.30000019012209343173400000189,1.2.392.200046.100.14.2019011704749180,<VRT Collection>,,
1.3.12.2.1107.5.1.4.60320.30000017060503325869400002533,1.2.392.200046.100.14.2017060300134693,DE  DE_HeadAngio  1.0  D30f  B_80kV,B_80kV,L
1.3.12.2.1107.5.1.4.60320.30000017060503350736100026366,1.2.392.200046.100.14.2017060300134693,DE  DE_HeadAngio  1.0  D30f  M_0.3,M_0.3,Mix
1.3.12.2.1107.5.99.2.9594.30000017060519080009300001626,1.2.392.200046.100.14.2017060300134693,DualEnergy BoneRemovalHead Suppressed #1,Suppressed,Suppressed
1.3.12.2.1107.5.99.2.9594.30000017060214245046800002323,1.2.392.200046.100.14.2017060300134693,<MIP Collection>,,
1.3.12.2.1107.5.99.2.9594.30000017060214245046800002338,1.2.392.200046.100.14.2017060300134693,<VRT Collection>,,
1.3.12.2.1107.5.1.4.60320.30000016020500071384100002143,1.2.392.200046.100.14.20160204000316105,DE  DE_CarotidAngio  1.0  D30f  A_140kV,A_140kV,H
1.3.12.2.1107.5.1.4.60320.30000016020500071384100002144,1.2.392.200046.100.14.20160204000316105,DE  DE_CarotidAngio  1.0  D30f  B_80kV,B_80kV,L
1.3.12.2.1107.5.1.4.60320.30000016020500230488000015909,1.2.392.200046.100.14.20160204000316105,DE  DE_CarotidAngio  1.0  D30f  M_0.3,M_0.3,Mix
1.3.12.2.1107.5.99.2.9594.30000016020402153698400000418,1.2.392.200046.100.14.20160204000316105,DualEnergy BoneRemovalHead Suppressed #1,Suppressed,Suppressed
1.3.12.2.1107.5.1.4.60320.30020116020503334720400000061,1.2.392.200046.100.14.20160204000316105,<VRT Collection>,,
1.3.12.2.1107.5.1.4.60320.30020116020503334720400000030,1.2.392.200046.100.14.20160204000316105,<MIP Collection>,,
1.3.12.2.1107.5.1.4.60320.30000018092900011987300007137,1.2.392.200046.100.14.2018092800364715,DE  DE_CarotidAngio  1.0  D30f  A_140kV,A_140kV,H
1.3.12.2.1107.5.1.4.60320.30000018092900011987300007138,1.2.392.200046.100.14.2018092800364715,DE  DE_CarotidAngio  1.0  D30f  B_80kV,B_80kV,L
1.3.12.2.1107.5.1.4.60320.30000018092900212302000068628,1.2.392.200046.100.14.2018092800364715,DE  DE_CarotidAngio  1.0  D30f  M_0.3,M_0.3,Mix
1.3.12.2.1107.5.99.2.9594.30000018093016585967100000154,1.2.392.200046.100.14.2018092800364715,DualEnergy BoneRemovalHead Suppressed #1,Suppressed,Suppressed
1.3.12.2.1107.5.99.2.9594.30000018092616321987500002890,1.2.392.200046.100.14.2018092800364715,<MIP Collection>,,
1.3.12.2.1107.5.99.2.9594.30000018092616321987500002899,1.2.392.200046.100.14.2018092800364715,<VRT Collection>,,
1.3.12.2.1107.5.1.4.60320.30000018122400044874000002932,1.2.392.200046.100.14.20181222004721313,DE  DE_CarotidAngio  1.0  D30f  A_140kV,A_140kV,H
1.3.12.2.1107.5.1.4.60320.30000018122400044874000002933,1.2.392.200046.100.14.20181222004721313,DE  DE_CarotidAngio  1.0  D30f  B_80kV,B_80kV,L
1.3.12.2.1107.5.1.4.60320.30000018122400284654800025354,1.2.392.200046.100.14.20181222004721313,DE  DE_CarotidAngio  1.0  D30f  M_0.3,M_0.3,Mix
1.3.12.2.1107.5.99.2.9594.30000018122115540679600002544,1.2.392.200046.100.14.20181222004721313,DualEnergy BoneRemovalHead Suppressed #1,Suppressed,Suppressed
1.3.12.2.1107.5.99.2.9594.30000018122114542778100003031,1.2.392.200046.100.14.20181222004721313,<MIP Collection>,,
1.3.12.2.1107.5.99.2.9594.30000018122114542778100003047,1.2.392.200046.100.14.20181222004721313,<VRT Collection>,,
1.3.12.2.1107.5.1.4.60320.30000019031323340205400008178,1.2.392.200046.100.14.20190313035630435,DE  DE_CarotidAngio  1.0  D30f  A_140kV,A_140kV,H
1.3.12.2.1107.5.1.4.60320.30000019031323340205400008179,1.2.392.200046.100.14.20190313035630435,DE  DE_CarotidAngio  1.0  D30f  B_80kV,B_80kV,L
1.3.12.2.1107.5.1.4.60320.30000019031400161161100070578,1.2.392.200046.100.14.20190313035630435,DE  DE_CarotidAngio  1.0  D30f  M_0.3,M_0.3,Mix
1.3.12.2.1107.5.99.2.9594.30000019031514063423400000128,1.2.392.200046.100.14.20190313035630435,DualEnergy BoneRemovalHead Suppressed #1,Suppressed,Suppressed
1.3.12.2.1107.5.99.2.9594.30000019031306540739000003388,1.2.392.200046.100.14.20190313035630435,<VRT Collection>,,
1.3.12.2.1107.5.99.2.9594.30000019031306540739000003380,1.2.392.200046.100.14.20190313035630435,<MIP Collection>,,
1.3.12.2.1107.5.1.4.60320.30000019052723451021300011412,1.2.392.200046.100.14.20190525003926790,DE  DE_CarotidAngio  1.0  D30f  A_140kV,A_140kV,H
1.3.12.2.1107.5.1.4.60320.30000019052723451021300011413,1.2.392.200046.100.14.20190525003926790,DE  DE_CarotidAngio  1.0  D30f  B_80kV,B_80kV,L
1.3.12.2.1107.5.1.4.60320.30000019052800055734200090393,1.2.392.200046.100.14.20190525003926790,DE  DE_CarotidAngio  1.0  D30f  M_0.3,M_0.3,Mix
1.3.12.2.1107.5.99.2.9594.30000019052815230845300003528,1.2.392.200046.100.14.20190525003926790,DualEnergy BoneRemovalHead Suppressed #1,Suppressed,Suppressed
1.3.12.2.1107.5.1.4.60320.30020119052800250850100012430,1.2.392.200046.100.14.20190525003926790,<MIP Collection>,,
1.3.12.2.1107.5.1.4.60320.30020119052800250850100012448,1.2.392.200046.100.14.20190525003926790,<VRT Collection>,,
1.3.12.2.1107.5.1.4.60320.30000019032623352691100003003,1.2.392.200046.100.14.2019032606794565,DE  DE_CarotidAngio  1.0  D30f  A_140kV,A_140kV,H
1.3.12.2.1107.5.1.4.60320.30000019032623352691100003004,1.2.392.200046.100.14.2019032606794565,DE  DE_CarotidAngio  1.0  D30f  B_80kV,B_80kV,L
1.3.12.2.1107.5.1.4.60320.30000019032700045856600024861,1.2.392.200046.100.14.2019032606794565,DE  DE_CarotidAngio  1.0  D30f  M_0.3,M_0.3,Mix
1.3.12.2.1107.5.99.2.9594.30000019032607484885900014084,1.2.392.200046.100.14.2019032606794565,DualEnergy BoneRemovalHead Suppressed #1,Suppressed,Suppressed
1.3.12.2.1107.5.99.2.9594.30000019032110250810900005580,1.2.392.200046.100.14.2019032606794565,<MIP Collection>,,
1.3.12.2.1107.5.99.2.9594.30000019032110250810900005595,1.2.392.200046.100.14.2019032606794565,<VRT Collection>,,
1.3.12.2.1107.5.1.4.60320.30000015112800091508800000945,1.2.392.200046.100.14.2015112800119758,DE  DE_CarotidAngio  1.0  D30f  A_140kV,A_140kV,H
1.3.12.2.1107.5.1.4.60320.30000015112800091508800000946,1.2.392.200046.100.14.2015112800119758,DE  DE_CarotidAngio  1.0  D30f  B_80kV,B_80kV,L
1.3.12.2.1107.5.1.4.60320.30000015112800380266600008011,1.2.392.200046.100.14.2015112800119758,DE  DE_CarotidAngio  1.0  D30f  M_0.3,M_0.3,Mix
1.3.12.2.1107.5.99.2.9594.30000015112802481142100000128,1.2.392.200046.100.14.2015112800119758,DualEnergy BoneRemovalHead Suppressed #1,Suppressed,Suppressed
1.3.12.2.1107.5.99.2.9594.30000015112723320170300000610,1.2.392.200046.100.14.2015112800119758,<MIP Collection>,,
1.3.12.2.1107.5.99.2.9594.30000015112723320170300000633,1.2.392.200046.100.14.2015112800119758,<VRT Collection>,,
1.3.12.2.1107.5.1.4.60320.30000018050123495494200003411,1.2.392.200046.100.14.20180502000419405,DE  DE_HeadAngio  1.0  D30f  A_140kV,A_140kV,H
1.3.12.2.1107.5.1.4.60320.30000018050123495494200003412,1.2.392.200046.100.14.20180502000419405,DE  DE_HeadAngio  1.0  D30f  B_80kV,B_80kV,L
1.3.12.2.1107.5.1.4.60320.30000018050200271168700027055,1.2.392.200046.100.14.20180502000419405,DE  DE_HeadAngio  1.0  D30f  M_0.3,M_0.3,Mix
1.3.12.2.1107.5.99.2.9594.30000018042820303807800003416,1.2.392.200046.100.14.20180502000419405,DualEnergy BoneRemovalHead Suppressed #1,Suppressed,Suppressed
1.3.12.2.1107.5.99.2.9594.30000018042718322954600003451,1.2.392.200046.100.14.20180502000419405,<MIP Collection>,,
1.3.12.2.1107.5.99.2.9594.30000018042718322954600003466,1.2.392.200046.100.14.20180502000419405,<VRT Collection>,,
1.3.12.2.1107.5.1.4.60320.30000019011000110398200007229,1.2.392.200046.100.14.20190110037431316,DE  DE_CarotidAngio  1.0  D30f  A_140kV,A_140kV,H
1.3.12.2.1107.5.1.4.60320.30000019011000110398200007230,1.2.392.200046.100.14.20190110037431316,DE  DE_CarotidAngio  1.0  D30f  B_80kV,B_80kV,L
1.3.12.2.1107.5.1.4.60320.30000019011000332736700057006,1.2.392.200046.100.14.20190110037431316,DE  DE_CarotidAngio  1.0  D30f  M_0.3,M_0.3,Mix
1.3.12.2.1107.5.99.2.9594.30000019010814192864000008131,1.2.392.200046.100.14.20190110037431316,DualEnergy BoneRemovalHead Suppressed #1,Suppressed,Suppressed
1.3.12.2.1107.5.99.2.9594.30000019010814203554600001971,1.2.392.200046.100.14.20190110037431316,<MIP Collection>,,
1.3.12.2.1107.5.99.2.9594.30000019010814203554600001986,1.2.392.200046.100.14.20190110037431316,<VRT Collection>,,
1.3.12.2.1107.5.1.4.60320.30000018050623421795100012294,1.2.392.200046.100.14.20180507009521419,DE  DE_CarotidAngio  1.0  D30f  A_140kV,A_140kV,H
1.3.12.2.1107.5.1.4.60320.30000018050623421795100012295,1.2.392.200046.100.14.20180507009521419,DE  DE_CarotidAngio  1.0  D30f  B_80kV,B_80kV,L
1.3.12.2.1107.5.1.4.60320.30000018050700113804000108372,1.2.392.200046.100.14.20180507009521419,DE  DE_CarotidAngio  1.0  D30f  M_0.3,M_0.3,Mix
1.3.12.2.1107.5.99.2.9594.30000018050719500593700004981,1.2.392.200046.100.14.20180507009521419,DualEnergy BoneRemovalHead Suppressed #1,Suppressed,Suppressed
1.3.12.2.1107.5.1.4.60320.30000018050700181178300034124,1.2.392.200046.100.14.20180507009521419,<MIP Thin Collection>,,
1.3.12.2.1107.5.1.4.60320.30000018100800004131200010086,1.2.392.200046.100.14.20181008010014196,DE  DE_CarotidAngio  1.0  D30f  A_140kV,A_140kV,H
1.3.12.2.1107.5.1.4.60320.30000018100800004131200010087,1.2.392.200046.100.14.20181008010014196,DE  DE_CarotidAngio  1.0  D30f  B_80kV,B_80kV,L
1.3.12.2.1107.5.1.4.60320.30000018100800202845400079832,1.2.392.200046.100.14.20181008010014196,DE  DE_CarotidAngio  1.0  D30f  M_0.3,M_0.3,Mix
1.3.12.2.1107.5.99.2.9594.30000018093016585967100023407,1.2.392.200046.100.14.20181008010014196,DualEnergy BoneRemovalHead Suppressed #1,Suppressed,Suppressed
1.3.12.2.1107.5.99.2.9594.30000018092616321987500009605,1.2.392.200046.100.14.20181008010014196,<MIP Collection>,,
1.3.12.2.1107.5.99.2.9594.30000018092616321987500009610,1.2.392.200046.100.14.20181008010014196,<VRT Collection>,,
1.3.12.2.1107.5.1.4.60320.30000019012223560090700007503,1.2.392.200046.100.14.20190123037827302,DE  DE_CarotidAngio  1.0  D30f  A_140kV,A_140kV,H
1.3.12.2.1107.5.1.4.60320.30000019012223560090700007504,1.2.392.200046.100.14.20190123037827302,DE  DE_CarotidAngio  1.0  D30f  B_80kV,B_80kV,L
1.3.12.2.1107.5.1.4.60320.30000019012300171419200058598,1.2.392.200046.100.14.20190123037827302,DE  DE_CarotidAngio  1.0  D30f  M_0.3,M_0.3,Mix
1.3.12.2.1107.5.99.2.9594.30000019012215113151500003794,1.2.392.200046.100.14.20190123037827302,DualEnergy BoneRemovalHead Suppressed #1,Suppressed,Suppressed
1.3.12.2.1107.5.99.2.9594.30000019012209343173400001989,1.2.392.200046.100.14.20190123037827302,<MIP Collection>,,
1.3.12.2.1107.5.1.4.60320.30000015122100070719000000955,1.3.12.2.1107.5.1.4.60320.30000015122100204910600000011,DE  DE_HeadAngio  1.0  D30f  A_140kV,A_140kV,H
1.3.12.2.1107.5.1.4.60320.30000015122100070719000000956,1.3.12.2.1107.5.1.4.60320.30000015122100204910600000011,DE  DE_HeadAngio  1.0  D30f  B_80kV,B_80kV,L
1.3.12.2.1107.5.1.4.60320.30000015122100260290600007673,1.3.12.2.1107.5.1.4.60320.30000015122100204910600000011,DE  DE_HeadAngio  1.0  D30f  M_0.3,M_0.3,Mix
1.3.12.2.1107.5.99.2.9594.30000015122100330042100002104,1.3.12.2.1107.5.1.4.60320.30000015122100204910600000011,DualEnergy BoneRemovalHead Suppressed #1,Suppressed,Suppressed
1.3.12.2.1107.5.99.2.9594.30000015122102074529600001122,1.3.12.2.1107.5.1.4.60320.30000015122100204910600000011,<VRT Collection>,,
1.3.12.2.1107.5.99.2.9594.30000015122102074529600001114,1.3.12.2.1107.5.1.4.60320.30000015122100204910600000011,<MIP Collection>,,
1.3.12.2.1107.5.1.4.60320.30000016022123402068400004214,1.2.392.200046.100.14.20160222003818584,DE  DE_CarotidAngio  1.0  D30f  A_140kV,A_140kV,H
1.3.12.2.1107.5.1.4.60320.30000016022123402068400004215,1.2.392.200046.100.14.20160222003818584,DE  DE_CarotidAngio  1.0  D30f  B_80kV,B_80kV,L
1.3.12.2.1107.5.1.4.60320.30000016022200123466400047362,1.2.392.200046.100.14.20160222003818584,DE  DE_CarotidAngio  1.0  D30f  M_0.3,M_0.3,Mix
1.3.12.2.1107.5.99.2.9594.30000016022208155070300000128,1.2.392.200046.100.14.20160222003818584,DualEnergy BoneRemovalHead Suppressed #1,Suppressed,Suppressed
1.3.12.2.1107.5.1.4.60320.30020116022223590529700000038,1.2.392.200046.100.14.20160222003818584,<MIP Collection>,,
1.3.12.2.1107.5.1.4.60320.30020116022223590529700000056,1.2.392.200046.100.14.20160222003818584,<VRT Collection>,,
1.3.12.2.1107.5.1.4.60320.30000018012223521883000006753,1.3.12.2.1107.5.1.4.60320.30000018012300083336400000054,DE  DE_CarotidAngio  1.0  D30f  A_140kV,A_140kV,H
1.3.12.2.1107.5.1.4.60320.30000018012223521883000006754,1.3.12.2.1107.5.1.4.60320.30000018012300083336400000054,DE  DE_CarotidAngio  1.0  D30f  B_80kV,B_80kV,L
1.3.12.2.1107.5.1.4.60320.30000018012300120553200056046,1.3.12.2.1107.5.1.4.60320.30000018012300083336400000054,DE  DE_CarotidAngio  1.0  D30f  M_0.3,M_0.3,Mix
1.3.12.2.1107.5.99.2.9594.30000018012313385314000005060,1.3.12.2.1107.5.1.4.60320.30000018012300083336400000054,DualEnergy BoneRemovalHead Suppressed #1,Suppressed,Suppressed
1.3.12.2.1107.5.99.2.9594.30000018012220202018700002424,1.3.12.2.1107.5.1.4.60320.30000018012300083336400000054,<MIP Collection>,,
1.3.12.2.1107.5.99.2.9594.30000018012220202018700002439,1.3.12.2.1107.5.1.4.60320.30000018012300083336400000054,<VRT Collection>,,
1.3.12.2.1107.5.1.4.60320.30000018112123494401300008658,1.2.392.200046.100.14.20181122001119161,DE  DE_CarotidAngio  1.0  D30f  A_140kV,A_140kV,H
1.3.12.2.1107.5.1.4.60320.30000018112123494401300008659,1.2.392.200046.100.14.20181122001119161,DE  DE_CarotidAngio  1.0  D30f  B_80kV,B_80kV,L
1.3.12.2.1107.5.1.4.60320.30000018112200414264400072636,1.2.392.200046.100.14.20181122001119161,DE  DE_CarotidAngio  1.0  D30f  M_0.3,M_0.3,Mix
1.3.12.2.1107.5.99.2.9594.30000018112215154417100008526,1.2.392.200046.100.14.20181122001119161,DualEnergy BoneRemovalHead Suppressed #1,Suppressed,Suppressed
1.3.12.2.1107.5.99.2.9594.30000018111310393798400009608,1.2.392.200046.100.14.20181122001119161,<MIP Collection>,,
1.3.12.2.1107.5.99.2.9594.30000018111310393798400009622,1.2.392.200046.100.14.20181122001119161,<VRT Collection>,,
1.3.12.2.1107.5.1.4.60320.30000019040123443159500008209,1.2.392.200046.100.14.20190401025812654,DE  DE_CarotidAngio  1.0  D30f  B_80kV,B_80kV,L
1.3.12.2.1107.5.1.4.60320.30000019040200342661700064804,1.2.392.200046.100.14.20190401025812654,DE  DE_CarotidAngio  1.0  D30f  M_0.3,M_0.3,Mix
1.3.12.2.1107.5.99.2.9594.30000019033013292326500014826,1.2.392.200046.100.14.20190401025812654,DualEnergy BoneRemovalHead Suppressed #1,Suppressed,Suppressed
1.3.12.2.1107.5.1.4.60320.30020119040200351279600000059,1.2.392.200046.100.14.20190401025812654,<MIP Collection>,,
1.3.12.2.1107.5.1.4.60320.30020119040200351279600000078,1.2.392.200046.100.14.20190401025812654,<VRT Collection>,,
1.3.12.2.1107.5.1.4.60320.30000016040101265764000000075,1.3.12.2.1107.5.1.4.60320.30000016040101265057000000001,DE  DE_CarotidAngio  1.0  D30f  A_140kV,A_140kV,H
1.3.12.2.1107.5.1.4.60320.30000016040101265764000000076,1.3.12.2.1107.5.1.4.60320.30000016040101265057000000001,DE  DE_CarotidAngio  1.0  D30f  B_80kV,B_80kV,L
1.3.12.2.1107.5.1.4.60320.30000016040101284735200001005,1.3.12.2.1107.5.1.4.60320.30000016040101265057000000001,DE  DE_CarotidAngio  1.0  D30f  M_0.3,M_0.3,Mix
1.3.12.2.1107.5.99.2.9594.30000016033119070673400003423,1.3.12.2.1107.5.1.4.60320.30000016040101265057000000001,DualEnergy BoneRemovalHead Suppressed #1,Suppressed,Suppressed
1.3.12.2.1107.5.1.4.60320.30020116040101304890800000265,1.3.12.2.1107.5.1.4.60320.30000016040101265057000000001,<VRT Collection>,,
1.3.12.2.1107.5.1.4.60320.30020116040101304890800000224,1.3.12.2.1107.5.1.4.60320.30000016040101265057000000001,<MIP Collection>,,
1.3.12.2.1107.5.1.4.60320.30000019052123165141700010208,1.2.392.200046.100.14.2019052204746747,DE  DE_CarotidAngio  1.0  D30f  A_140kV,A_140kV,H
1.3.12.2.1107.5.1.4.60320.30000019052123165141700010209,1.2.392.200046.100.14.2019052204746747,DE  DE_CarotidAngio  1.0  D30f  B_80kV,B_80kV,L
1.3.12.2.1107.5.1.4.60320.30000019052200030801700081073,1.2.392.200046.100.14.2019052204746747,DE  DE_CarotidAngio  1.0  D30f  M_0.3,M_0.3,Mix
1.3.12.2.1107.5.99.2.9594.30000019052308413228100001665,1.2.392.200046.100.14.2019052204746747,DualEnergy BoneRemovalHead Suppressed #1,Suppressed,Suppressed
1.3.12.2.1107.5.99.2.9594.30000019051714510923400004867,1.2.392.200046.100.14.2019052204746747,<MIP Collection>,,
1.3.12.2.1107.5.99.2.9594.30000019051714510923400004882,1.2.392.200046.100.14.2019052204746747,<VRT Collection>,,
1.3.12.2.1107.5.1.4.60320.30000019022600014305900006906,1.2.392.200046.100.14.2019022206132814,DE  DE_CarotidAngio  1.0  D30f  A_140kV,A_140kV,H
1.3.12.2.1107.5.1.4.60320.30000019022600014305900006907,1.2.392.200046.100.14.2019022206132814,DE  DE_CarotidAngio  1.0  D30f  B_80kV,B_80kV,L
1.3.12.2.1107.5.1.4.60320.30000019022600164366800056958,1.2.392.200046.100.14.2019022206132814,DE  DE_CarotidAngio  1.0  D30f  M_0.3,M_0.3,Mix
1.3.12.2.1107.5.99.2.9594.30000019022612001039000003817,1.2.392.200046.100.14.2019022206132814,DualEnergy BoneRemovalHead Suppressed #1,Suppressed,Suppressed
1.3.12.2.1107.5.99.2.9594.30000019021912235706200008817,1.2.392.200046.100.14.2019022206132814,<VRT Collection>,,
1.3.12.2.1107.5.99.2.9594.30000019021912235706200008802,1.2.392.200046.100.14.2019022206132814,<MIP Collection>,,
1.3.12.2.1107.5.1.4.60320.30000018061923493062400011045,1.2.392.200046.100.14.2018061900199248,DE  DE_CarotidAngio  1.0  D30f  A_140kV,A_140kV,H
1.3.12.2.1107.5.1.4.60320.30000018061923493062400011046,1.2.392.200046.100.14.2018061900199248,DE  DE_CarotidAngio  1.0  D30f  B_80kV,B_80kV,L
1.3.12.2.1107.5.1.4.60320.30000018062000123646600096816,1.2.392.200046.100.14.2018061900199248,DE  DE_CarotidAngio  1.0  D30f  M_0.3,M_0.3,Mix
1.3.12.2.1107.5.99.2.9594.30000018061914462653100009344,1.2.392.200046.100.14.2018061900199248,DualEnergy BoneRemovalHead Suppressed #1,Suppressed,Suppressed
1.3.12.2.1107.5.99.2.9594.30000018061513222275000004686,1.2.392.200046.100.14.2018061900199248,<VRT Collection>,,
1.3.12.2.1107.5.99.2.9594.30000018061513222275000004671,1.2.392.200046.100.14.2018061900199248,<MIP Collection>,,
1.3.12.2.1107.5.1.4.60320.30000018112123494401300008085,1.2.392.200046.100.14.2018112200094422,DE  DE_CarotidAngio  1.0  D30f  A_140kV,A_140kV,H
1.3.12.2.1107.5.1.4.60320.30000018112123494401300008086,1.2.392.200046.100.14.2018112200094422,DE  DE_CarotidAngio  1.0  D30f  B_80kV,B_80kV,L
1.3.12.2.1107.5.1.4.60320.30000018112200414264400067924,1.2.392.200046.100.14.2018112200094422,DE  DE_CarotidAngio  1.0  D30f  M_0.3,M_0.3,Mix
1.3.12.2.1107.5.99.2.9594.30000018112215154417100006773,1.2.392.200046.100.14.2018112200094422,DualEnergy BoneRemovalHead Suppressed #1,Suppressed,Suppressed
1.3.12.2.1107.5.1.4.60320.30020118112200475380500035379,1.2.392.200046.100.14.2018112200094422,<MIP Collection>,,
1.3.12.2.1107.5.1.4.60320.30020118112200475380500035394,1.2.392.200046.100.14.2018112200094422,<VRT Collection>,,
1.3.12.2.1107.5.1.4.60320.30000016050823531644400005051,1.2.392.200046.100.14.20160509005925162,DE  DE_CarotidAngio  1.0  D30f  A_140kV,A_140kV,H
1.3.12.2.1107.5.1.4.60320.30000016050823531644400005052,1.2.392.200046.100.14.20160509005925162,DE  DE_CarotidAngio  1.0  D30f  B_80kV,B_80kV,L
1.3.12.2.1107.5.1.4.60320.30000016050900161633900066690,1.2.392.200046.100.14.20160509005925162,DE  DE_CarotidAngio  1.0  D30f  M_0.3,M_0.3,Mix
1.3.12.2.1107.5.99.2.9594.30000016050920400998400003598,1.2.392.200046.100.14.20160509005925162,DualEnergy BoneRemovalHead Suppressed #1,Suppressed,Suppressed
1.3.12.2.1107.5.99.2.9594.30000016050920435673400000236,1.2.392.200046.100.14.20160509005925162,<VRT Collection>,,
1.3.12.2.1107.5.99.2.9594.30000016050920435673400000222,1.2.392.200046.100.14.20160509005925162,<MIP Collection>,,
1.3.12.2.1107.5.1.4.60320.30000017060900082080600004844,1.2.392.200046.100.14.20170609003729350,DE  DE_HeadAngio  1.0  D30f  A_140kV,A_140kV,H
1.3.12.2.1107.5.1.4.60320.30000017060900082080600004845,1.2.392.200046.100.14.20170609003729350,DE  DE_HeadAngio  1.0  D30f  B_80kV,B_80kV,L
1.3.12.2.1107.5.1.4.60320.30000017060900185218100039684,1.2.392.200046.100.14.20170609003729350,DE  DE_HeadAngio  1.0  D30f  M_0.3,M_0.3,Mix
1.3.12.2.1107.5.99.2.9594.30000017060914165506200000377,1.2.392.200046.100.14.20170609003729350,DualEnergy BoneRemovalHead Suppressed #1,Suppressed,Suppressed
1.3.12.2.1107.5.99.2.9594.30000017060918402971800000037,1.2.392.200046.100.14.20170609003729350,<VRT Collection>,,
1.3.12.2.1107.5.99.2.9594.30000017060918402971800000022,1.2.392.200046.100.14.20170609003729350,<MIP Collection>,,
1.3.12.2.1107.5.1.4.60320.30000016091923332117200003136,1.2.392.200046.100.14.2016091900513297,DE  DE_HeadAngio  1.0  D30f  A_140kV,A_140kV,H
1.3.12.2.1107.5.1.4.60320.30000016091923332117200003137,1.2.392.200046.100.14.2016091900513297,DE  DE_HeadAngio  1.0  D30f  B_80kV,B_80kV,L
1.3.12.2.1107.5.1.4.60320.30000016091923443207200026808,1.2.392.200046.100.14.2016091900513297,DE  DE_HeadAngio  1.0  D30f  M_0.3,M_0.3,Mix
1.3.12.2.1107.5.99.2.9594.30000016092015011925000000128,1.2.392.200046.100.14.2016091900513297,DualEnergy BoneRemovalHead Suppressed #1,Suppressed,Suppressed
1.3.12.2.1107.5.1.4.60320.30020116092000244134700003463,1.2.392.200046.100.14.2016091900513297,<MIP Collection>,,
1.3.12.2.1107.5.1.4.60320.30020116092000244134700003478,1.2.392.200046.100.14.2016091900513297,<VRT Collection>,,
1.3.12.2.1107.5.1.4.60320.30000019042223271967000009262,1.3.12.2.1107.5.1.4.60320.30000019042300080569800000054,DE  DE_CarotidAngio  1.0  D30f  A_140kV,A_140kV,H
1.3.12.2.1107.5.1.4.60320.30000019042223271967000009263,1.3.12.2.1107.5.1.4.60320.30000019042300080569800000054,DE  DE_CarotidAngio  1.0  D30f  B_80kV,B_80kV,L
1.3.12.2.1107.5.1.4.60320.30000019042300091141600079587,1.3.12.2.1107.5.1.4.60320.30000019042300080569800000054,DE  DE_CarotidAngio  1.0  D30f  M_0.3,M_0.3,Mix
1.3.12.2.1107.5.99.2.9594.30000019042309402085900007825,1.3.12.2.1107.5.1.4.60320.30000019042300080569800000054,DualEnergy BoneRemovalHead Suppressed #1,Suppressed,Suppressed
1.3.12.2.1107.5.99.2.9594.30000019042315135756200001101,1.3.12.2.1107.5.1.4.60320.30000019042300080569800000054,<MIP Collection>,,
1.3.12.2.1107.5.99.2.9594.30000019042315135756200001116,1.3.12.2.1107.5.1.4.60320.30000019042300080569800000054,<VRT Collection>,,
1.3.12.2.1107.5.1.4.60320.30000016082523573886900000525,1.2.392.200046.100.14.20160825007129790,DE  DE_CarotidAngio  1.0  D30f  A_140kV,A_140kV,H
1.3.12.2.1107.5.1.4.60320.30000016082523573886900000526,1.2.392.200046.100.14.20160825007129790,DE  DE_CarotidAngio  1.0  D30f  B_80kV,B_80kV,L
1.3.12.2.1107.5.1.4.60320.30000016082600075184200004456,1.2.392.200046.100.14.20160825007129790,DE  DE_CarotidAngio  1.0  D30f  M_0.3,M_0.3,Mix
1.3.12.2.1107.5.99.2.9594.30000016082620420570300001354,1.2.392.200046.100.14.20160825007129790,DualEnergy BoneRemovalHead Suppressed #1,Suppressed,Suppressed
1.3.12.2.1107.5.1.4.60320.30020116082600174518300001353,1.2.392.200046.100.14.20160825007129790,<VRT Collection>,,
1.3.12.2.1107.5.1.4.60320.30020116082600174518300001332,1.2.392.200046.100.14.20160825007129790,<MIP Collection>,,
1.3.12.2.1107.5.1.4.60320.30000016041423522031800004533,1.2.392.200046.100.14.2016041400445454,DE  DE_HeadAngio  1.0  D30f  A_140kV,A_140kV,H
1.3.12.2.1107.5.1.4.60320.30000016041423522031800004534,1.2.392.200046.100.14.2016041400445454,DE  DE_HeadAngio  1.0  D30f  B_80kV,B_80kV,L
1.3.12.2.1107.5.99.2.9594.30000016041514035664000006051,1.2.392.200046.100.14.2016041400445454,DualEnergy BoneRemovalHead Suppressed #1,Suppressed,Suppressed
1.3.12.2.1107.5.1.4.60320.30020116041500453344400007083,1.2.392.200046.100.14.2016041400445454,<MIP Collection>,,
1.3.12.2.1107.5.1.4.60320.30020116041500453344400007101,1.2.392.200046.100.14.2016041400445454,<VRT Collection>,,
1.3.12.2.1107.5.1.4.60320.30000016031723521431700005947,1.2.392.200046.100.14.20160317005217095,DE  DE_CarotidAngio  1.0  D30f  A_140kV,A_140kV,H
1.3.12.2.1107.5.1.4.60320.30000016031723521431700005948,1.2.392.200046.100.14.20160317005217095,DE  DE_CarotidAngio  1.0  D30f  B_80kV,B_80kV,L
1.3.12.2.1107.5.1.4.60320.30000016031800121882000050810,1.2.392.200046.100.14.20160317005217095,DE  DE_CarotidAngio  1.0  D30f  M_0.3,M_0.3,Mix
1.3.12.2.1107.5.99.2.9594.30000016031818380934300002216,1.2.392.200046.100.14.20160317005217095,DualEnergy BoneRemovalHead Suppressed #1,Suppressed,Suppressed
1.3.12.2.1107.5.99.2.9594.30000016031813170543700001571,1.2.392.200046.100.14.20160317005217095,<MIP Collection>,,
1.3.12.2.1107.5.99.2.9594.30000016031813170543700001589,1.2.392.200046.100.14.20160317005217095,<VRT Collection>,,
1.3.12.2.1107.5.1.4.60320.30000016092023342886800004097,1.2.392.200046.100.14.2016092100227949,DE  DE_CarotidAngio  1.0  D30f  A_140kV,A_140kV,H
1.3.12.2.1107.5.1.4.60320.30000016092023342886800004098,1.2.392.200046.100.14.2016092100227949,DE  DE_CarotidAngio  1.0  D30f  B_80kV,B_80kV,L
1.3.12.2.1107.5.1.4.60320.30000016092100163091900037411,1.2.392.200046.100.14.2016092100227949,DE  DE_CarotidAngio  1.0  D30f  M_0.3,M_0.3,Mix
1.3.12.2.1107.5.99.2.9594.30000016092015011925000003890,1.2.392.200046.100.14.2016092100227949,DualEnergy BoneRemovalHead Suppressed #1,Suppressed,Suppressed
1.3.12.2.1107.5.99.2.9594.30000016090522015703100017909,1.2.392.200046.100.14.2016092100227949,<VRT Collection>,,
1.3.12.2.1107.5.99.2.9594.30000016090522015703100017894,1.2.392.200046.100.14.2016092100227949,<MIP Collection>,,
1.3.12.2.1107.5.1.4.60320.30000019081223532310100008576,1.2.392.200046.100.14.20190812028131540,DE  DE_CarotidAngio  1.0  D30f  A_140kV,A_140kV,H
1.3.12.2.1107.5.1.4.60320.30000019081223532310100008577,1.2.392.200046.100.14.20190812028131540,DE  DE_CarotidAngio  1.0  D30f  B_80kV,B_80kV,L
1.3.12.2.1107.5.1.4.60320.30000019081300060441700067489,1.2.392.200046.100.14.20190812028131540,DE  DE_CarotidAngio  1.0  D30f  M_0.3,M_0.3,Mix
1.3.12.2.1107.5.99.2.9594.30000019081415284846800001653,1.2.392.200046.100.14.20190812028131540,DualEnergy BoneRemovalHead Suppressed #1,Suppressed,Suppressed
1.3.12.2.1107.5.99.2.9594.30000019081013254418700004272,1.2.392.200046.100.14.20190812028131540,<VRT Collection>,,
1.3.12.2.1107.5.99.2.9594.30000019081013254418700004255,1.2.392.200046.100.14.20190812028131540,<MIP Collection>,,
1.3.12.2.1107.5.1.4.60320.30000018120300080821100000099,1.2.392.200046.100.14.20181202001412316,DE  DE_CarotidAngio  1.0  D30f  A_140kV,A_140kV,H
1.3.12.2.1107.5.1.4.60320.30000018120300080821100000100,1.2.392.200046.100.14.20181202001412316,DE  DE_CarotidAngio  1.0  D30f  B_80kV,B_80kV,L
1.3.12.2.1107.5.1.4.60320.30000018120300195395900001224,1.2.392.200046.100.14.20181202001412316,DE  DE_CarotidAngio  1.0  D30f  M_0.3,M_0.3,Mix
1.3.12.2.1107.5.99.2.9594.30000018113015131734300008600,1.2.392.200046.100.14.20181202001412316,DualEnergy BoneRemovalHead Suppressed #1,Suppressed,Suppressed
1.3.12.2.1107.5.99.2.9594.30000018112714221193700004272,1.2.392.200046.100.14.20181202001412316,<VRT Collection>,,
1.3.12.2.1107.5.99.2.9594.30000018112714221193700004258,1.2.392.200046.100.14.20181202001412316,<MIP Collection>,,
1.3.12.2.1107.5.1.4.60320.30000018101523533434800008758,1.3.12.2.1107.5.1.4.60320.30000018101600120168700000053,DE  DE_CarotidAngio  1.0  D30f  A_140kV,A_140kV,H
1.3.12.2.1107.5.1.4.60320.30000018101523533434800008759,1.3.12.2.1107.5.1.4.60320.30000018101600120168700000053,DE  DE_CarotidAngio  1.0  D30f  B_80kV,B_80kV,L
1.3.12.2.1107.5.1.4.60320.30000018101600140287000077516,1.3.12.2.1107.5.1.4.60320.30000018101600120168700000053,DE  DE_CarotidAngio  1.0  D30f  M_0.3,M_0.3,Mix
1.3.12.2.1107.5.99.2.9594.30000018093016585967100047692,1.3.12.2.1107.5.1.4.60320.30000018101600120168700000053,DualEnergy BoneRemovalHead Suppressed #1,Suppressed,Suppressed
1.3.12.2.1107.5.99.2.9594.30000018101709475600000000920,1.3.12.2.1107.5.1.4.60320.30000018101600120168700000053,<VRT Collection>,,
1.3.12.2.1107.5.99.2.9594.30000018101709475600000000911,1.3.12.2.1107.5.1.4.60320.30000018101600120168700000053,<MIP Collection>,,
1.3.12.2.1107.5.1.4.60320.30000018032000072103100010332,1.2.392.200046.100.14.2018032000779916,DE  DE_HeadAngio  1.0  D30f  A_140kV,A_140kV,H
1.3.12.2.1107.5.1.4.60320.30000018032000072103100010333,1.2.392.200046.100.14.2018032000779916,DE  DE_HeadAngio  1.0  D30f  B_80kV,B_80kV,L
1.3.12.2.1107.5.1.4.60320.30000018032000193667700087911,1.2.392.200046.100.14.2018032000779916,DE  DE_HeadAngio  1.0  D30f  M_0.3,M_0.3,Mix
1.3.12.2.1107.5.99.2.9594.30000018032019325485900001475,1.2.392.200046.100.14.2018032000779916,DualEnergy BoneRemovalHead Suppressed #1,Suppressed,Suppressed
1.3.12.2.1107.5.99.2.9594.30000018032016363870300000492,1.2.392.200046.100.14.2018032000779916,<VRT Collection>,,
1.3.12.2.1107.5.99.2.9594.30000018032016363870300000477,1.2.392.200046.100.14.2018032000779916,<MIP Collection>,,
1.3.12.2.1107.5.1.4.60320.30000017051623532598100002045,1.2.392.200046.100.14.20170516004817421,DE  DE_HeadAngio  1.0  D30f  A_140kV,A_140kV,H
1.3.12.2.1107.5.1.4.60320.30000017051623532598100002046,1.2.392.200046.100.14.20170516004817421,DE  DE_HeadAngio  1.0  D30f  B_80kV,B_80kV,L
1.3.12.2.1107.5.1.4.60320.30000017051700162942000014808,1.2.392.200046.100.14.20170516004817421,DE  DE_HeadAngio  1.0  D30f  M_0.3,M_0.3,Mix
1.3.12.2.1107.5.99.2.9594.30000017051714470207800001704,1.2.392.200046.100.14.20170516004817421,DualEnergy BoneRemovalHead Suppressed #1,Suppressed,Suppressed
1.3.12.2.1107.5.99.2.9594.30000017051712421889000000297,1.2.392.200046.100.14.20170516004817421,<MIP Collection>,,
1.3.12.2.1107.5.99.2.9594.30000017051712421889000000312,1.2.392.200046.100.14.20170516004817421,<VRT Collection>,,
1.3.12.2.1107.5.1.4.60320.30000018100823594490000008701,1.2.392.200046.100.14.20181008004513392,DE  DE_CarotidAngio  1.0  D30f  A_140kV,A_140kV,H
1.3.12.2.1107.5.1.4.60320.30000018100823594490000008702,1.2.392.200046.100.14.20181008004513392,DE  DE_CarotidAngio  1.0  D30f  B_80kV,B_80kV,L
1.3.12.2.1107.5.1.4.60320.30000018100900160176500073605,1.2.392.200046.100.14.20181008004513392,DE  DE_CarotidAngio  1.0  D30f  M_0.3,M_0.3,Mix
1.3.12.2.1107.5.99.2.9594.30000018093016585967100026681,1.2.392.200046.100.14.20181008004513392,DualEnergy BoneRemovalHead Suppressed #1,Suppressed,Suppressed
1.3.12.2.1107.5.99.2.9594.30000018092616321987500011067,1.2.392.200046.100.14.20181008004513392,<VRT Collection>,,
1.3.12.2.1107.5.99.2.9594.30000018092616321987500011052,1.2.392.200046.100.14.20181008004513392,<MIP Collection>,,
1.3.12.2.1107.5.1.4.60320.30000019072323410394300010148,1.2.392.200046.100.14.2019072304618935,DE  DE_CarotidAngio  1.0  D30f  A_140kV,A_140kV,H
1.3.12.2.1107.5.1.4.60320.30000019072323410394300010149,1.2.392.200046.100.14.2019072304618935,DE  DE_CarotidAngio  1.0  D30f  B_80kV,B_80kV,L
1.3.12.2.1107.5.1.4.60320.30000019072400091551600089024,1.2.392.200046.100.14.2019072304618935,DE  DE_CarotidAngio  1.0  D30f  M_0.3,M_0.3,Mix
1.3.12.2.1107.5.99.2.9594.30000019072313012309300007031,1.2.392.200046.100.14.2019072304618935,DualEnergy BoneRemovalHead Suppressed #1,Suppressed,Suppressed
1.3.12.2.1107.5.1.4.60320.30020119072400171785600028180,1.2.392.200046.100.14.2019072304618935,<MIP Collection>,,
1.3.12.2.1107.5.1.4.60320.30020119072400171785600028196,1.2.392.200046.100.14.2019072304618935,<VRT Collection>,,
1.3.12.2.1107.5.1.4.60320.30000016030623590927600003398,1.2.392.200046.100.14.20160305000830971,DE  DE_CarotidAngio  1.0  D30f  A_140kV,A_140kV,H
1.3.12.2.1107.5.1.4.60320.30000016030623590927600003399,1.2.392.200046.100.14.20160305000830971,DE  DE_CarotidAngio  1.0  D30f  B_80kV,B_80kV,L
1.3.12.2.1107.5.1.4.60320.30000016030700205970300039715,1.2.392.200046.100.14.20160305000830971,DE  DE_CarotidAngio  1.0  D30f  M_0.3,M_0.3,Mix
1.3.12.2.1107.5.99.2.9594.30000016030713562732800002146,1.2.392.200046.100.14.20160305000830971,DualEnergy BoneRemovalHead Suppressed #1,Suppressed,Suppressed
1.3.12.2.1107.5.1.4.60320.30000016030703011777100000344,1.2.392.200046.100.14.20160305000830971,<VRT Collection>,,
1.3.12.2.1107.5.1.4.60320.30000016030703011777100000326,1.2.392.200046.100.14.20160305000830971,<MIP Collection>,,
1.3.12.2.1107.5.1.4.60320.30000018082123392692300008679,1.2.392.200046.100.14.20180822002611647,DE  DE_HeadAngio  1.0  D30f  A_140kV,A_140kV,H
1.3.12.2.1107.5.1.4.60320.30000018082123392692300008680,1.2.392.200046.100.14.20180822002611647,DE  DE_HeadAngio  1.0  D30f  B_80kV,B_80kV,L
1.3.12.2.1107.5.1.4.60320.30000018082200191698700070940,1.2.392.200046.100.14.20180822002611647,DE  DE_HeadAngio  1.0  D30f  M_0.3,M_0.3,Mix
1.3.12.2.1107.5.99.2.9594.30000018082116321745300002311,1.2.392.200046.100.14.20180822002611647,DualEnergy BoneRemovalHead Suppressed #1,Suppressed,Suppressed
1.3.12.2.1107.5.99.2.9594.30000018081807483548400004685,1.2.392.200046.100.14.20180822002611647,<VRT Collection>,,
1.3.12.2.1107.5.99.2.9594.30000018081807483548400004670,1.2.392.200046.100.14.20180822002611647,<MIP Collection>,,
1.3.12.2.1107.5.1.4.60320.30000015120423540674000000818,1.2.392.200046.100.14.20151204006812287,DE  DE_HeadAngio  1.0  D30f  A_140kV,A_140kV,H
1.3.12.2.1107.5.1.4.60320.30000015120423540674000000819,1.2.392.200046.100.14.20151204006812287,DE  DE_HeadAngio  1.0  D30f  B_80kV,B_80kV,L
1.3.12.2.1107.5.1.4.60320.30000015120500145572700011912,1.2.392.200046.100.14.20151204006812287,DE  DE_HeadAngio  1.0  D30f  M_0.3,M_0.3,Mix
1.3.12.2.1107.5.99.2.9594.30000015120500132381200001867,1.2.392.200046.100.14.20151204006812287,DualEnergy BoneRemovalHead Suppressed #1,Suppressed,Suppressed
1.3.12.2.1107.5.99.2.9594.30000015120407461279600006228,1.2.392.200046.100.14.20151204006812287,<MIP Collection>,,
1.3.12.2.1107.5.99.2.9594.30000015120407461279600006260,1.2.392.200046.100.14.20151204006812287,<VRT Collection>,,
1.3.12.2.1107.5.1.4.60320.30000018092900011987300006396,1.2.392.200046.100.14.2018092900134434,DE  DE_CarotidAngio  1.0  D30f  A_140kV,A_140kV,H
1.3.12.2.1107.5.1.4.60320.30000018092900011987300006397,1.2.392.200046.100.14.2018092900134434,DE  DE_CarotidAngio  1.0  D30f  B_80kV,B_80kV,L
1.3.12.2.1107.5.1.4.60320.30000018092900212302000060732,1.2.392.200046.100.14.2018092900134434,DE  DE_CarotidAngio  1.0  D30f  M_0.3,M_0.3,Mix
1.3.12.2.1107.5.99.2.9594.30000018093016585967100001673,1.2.392.200046.100.14.2018092900134434,DualEnergy BoneRemovalHead Suppressed #1,Suppressed,Suppressed
1.3.12.2.1107.5.99.2.9594.30000018092616321987500002997,1.2.392.200046.100.14.2018092900134434,<MIP Collection>,,
1.3.12.2.1107.5.99.2.9594.30000018092616321987500003012,1.2.392.200046.100.14.2018092900134434,<VRT Collection>,,
1.3.12.2.1107.5.1.4.60320.30000016032123431323800000783,1.2.392.200046.100.14.20160321006322798,DE  DE_CarotidAngio  1.0  D30f  A_140kV,A_140kV,H
1.3.12.2.1107.5.1.4.60320.30000016032123431323800000784,1.2.392.200046.100.14.20160321006322798,DE  DE_CarotidAngio  1.0  D30f  B_80kV,B_80kV,L
1.3.12.2.1107.5.1.4.60320.30000016032200232828900008207,1.2.392.200046.100.14.20160321006322798,DE  DE_CarotidAngio  1.0  D30f  M_0.3,M_0.3,Mix
1.3.12.2.1107.5.99.2.9594.30000016032120224846800003748,1.2.392.200046.100.14.20160321006322798,DualEnergy BoneRemovalHead Suppressed #1,Suppressed,Suppressed
1.3.12.2.1107.5.99.2.9594.30000016032119413662500001764,1.2.392.200046.100.14.20160321006322798,<VRT Collection>,,
1.3.12.2.1107.5.99.2.9594.30000016032119413662500001746,1.2.392.200046.100.14.20160321006322798,<MIP Collection>,,
1.3.12.2.1107.5.99.2.9594.30000018111517425590600006163,1.2.392.200046.100.14.20181116005831310,DualEnergy BoneRemovalHead Suppressed #1,Suppressed,Suppressed
1.3.12.2.1107.5.1.4.60320.30000018101623535580200008931,1.2.392.200046.100.14.20181016005326253,DE  DE_CarotidAngio  1.0  D30f  A_140kV,A_140kV,H
1.3.12.2.1107.5.1.4.60320.30000018101623535580200008932,1.2.392.200046.100.14.20181016005326253,DE  DE_CarotidAngio  1.0  D30f  B_80kV,B_80kV,L
1.3.12.2.1107.5.1.4.60320.30000018101700170124300078537,1.2.392.200046.100.14.20181016005326253,DE  DE_CarotidAngio  1.0  D30f  M_0.3,M_0.3,Mix
1.3.12.2.1107.5.99.2.9594.30000018093016585967100064698,1.2.392.200046.100.14.20181016005326253,DualEnergy BoneRemovalHead Suppressed #1,Suppressed,Suppressed
1.3.12.2.1107.5.99.2.9594.30000018101709475600000002935,1.2.392.200046.100.14.20181016005326253,<VRT Collection>,,
1.3.12.2.1107.5.99.2.9594.30000018101709475600000002920,1.2.392.200046.100.14.20181016005326253,<MIP Collection>,,
1.3.12.2.1107.5.1.4.60320.30000019032623352691100012095,1.2.392.200046.100.14.20190326031411258,DE  DE_CarotidAngio  1.0  D30f  A_140kV,A_140kV,H
1.3.12.2.1107.5.1.4.60320.30000019032623352691100012096,1.2.392.200046.100.14.20190326031411258,DE  DE_CarotidAngio  1.0  D30f  B_80kV,B_80kV,L
1.3.12.2.1107.5.1.4.60320.30000019032700045856600104207,1.2.392.200046.100.14.20190326031411258,DE  DE_CarotidAngio  1.0  D30f  M_0.3,M_0.3,Mix
1.3.12.2.1107.5.1.4.60320.30020119032702332651800000669,1.2.392.200046.100.14.20190326031411258,<VRT Collection>,,
1.3.12.2.1107.5.1.4.60320.30020119032702332651800000655,1.2.392.200046.100.14.20190326031411258,<MIP Collection>,,
1.3.12.2.1107.5.1.4.60320.30000019032423403033500004721,1.2.392.200046.100.14.20190325012212158,DE  DE_CarotidAngio  1.0  D30f  A_140kV,A_140kV,H
1.3.12.2.1107.5.1.4.60320.30000019032423403033500004722,1.2.392.200046.100.14.20190325012212158,DE  DE_CarotidAngio  1.0  D30f  B_80kV,B_80kV,L
1.3.12.2.1107.5.1.4.60320.30000019032500015809600039170,1.2.392.200046.100.14.20190325012212158,DE  DE_CarotidAngio  1.0  D30f  M_0.3,M_0.3,Mix
1.3.12.2.1107.5.99.2.9594.30000019032607484885900001688,1.2.392.200046.100.14.20190325012212158,DualEnergy BoneRemovalHead Suppressed #1,Suppressed,Suppressed
1.3.12.2.1107.5.99.2.9594.30000019032110250810900004275,1.2.392.200046.100.14.20190325012212158,<VRT Collection>,,
1.3.12.2.1107.5.99.2.9594.30000019032110250810900004269,1.2.392.200046.100.14.20190325012212158,<MIP Collection>,,
1.3.12.2.1107.5.1.4.60320.30000018031900030092300011100,1.3.12.2.1107.5.1.4.60320.30000018031900141727600000105,DE  DE_CarotidAngio  1.0  D30f  A_140kV,A_140kV,H
1.3.12.2.1107.5.1.4.60320.30000018031900030092300011101,1.3.12.2.1107.5.1.4.60320.30000018031900141727600000105,DE  DE_CarotidAngio  1.0  D30f  B_80kV,B_80kV,L
1.3.12.2.1107.5.1.4.60320.30000018031900160717000094684,1.3.12.2.1107.5.1.4.60320.30000018031900141727600000105,DE  DE_CarotidAngio  1.0  D30f  M_0.3,M_0.3,Mix
1.3.12.2.1107.5.99.2.9594.30000018031920454681200002641,1.3.12.2.1107.5.1.4.60320.30000018031900141727600000105,DualEnergy BoneRemovalHead Suppressed #1,Suppressed,Suppressed
1.3.12.2.1107.5.99.2.9594.30000018030720533809300012040,1.3.12.2.1107.5.1.4.60320.30000018031900141727600000105,<MIP Collection>,,
1.3.12.2.1107.5.99.2.9594.30000018030720533809300012055,1.3.12.2.1107.5.1.4.60320.30000018031900141727600000105,<VRT Collection>,,
1.3.12.2.1107.5.1.4.60320.30000019060423433562300003942,1.2.392.200046.100.14.2019060100144757,DE  DE_CarotidAngio  1.0  D30f  A_140kV,A_140kV,H
1.3.12.2.1107.5.1.4.60320.30000019060423433562300003943,1.2.392.200046.100.14.2019060100144757,DE  DE_CarotidAngio  1.0  D30f  B_80kV,B_80kV,L
1.3.12.2.1107.5.1.4.60320.30000019060500112360400028385,1.2.392.200046.100.14.2019060100144757,DE  DE_CarotidAngio  1.0  D30f  M_0.3,M_0.3,Mix
1.3.12.2.1107.5.99.2.9594.30000019053108150160900005204,1.2.392.200046.100.14.2019060100144757,<MIP Collection>,,
1.3.12.2.1107.5.99.2.9594.30000019053108150160900005209,1.2.392.200046.100.14.2019060100144757,<VRT Collection>,,
1.3.12.2.1107.5.1.4.60320.30000018112800041649300006224,1.2.392.200046.100.14.20181128005111736,DE  DE_CarotidAngio  1.0  D30f  A_140kV,A_140kV,H
1.3.12.2.1107.5.1.4.60320.30000018112800041649300006225,1.2.392.200046.100.14.20181128005111736,DE  DE_CarotidAngio  1.0  D30f  B_80kV,B_80kV,L
1.3.12.2.1107.5.1.4.60320.30000018112800150406400053858,1.2.392.200046.100.14.20181128005111736,DE  DE_CarotidAngio  1.0  D30f  M_0.3,M_0.3,Mix
1.3.12.2.1107.5.99.2.9594.30000018112915224226500000128,1.2.392.200046.100.14.20181128005111736,DualEnergy BoneRemovalHead Suppressed #1,Suppressed,Suppressed
1.3.12.2.1107.5.99.2.9594.30000018112714221193700001132,1.2.392.200046.100.14.20181128005111736,<VRT Collection>,,
1.3.12.2.1107.5.99.2.9594.30000018112714221193700001118,1.2.392.200046.100.14.20181128005111736,<MIP Collection>,,
1.3.12.2.1107.5.1.4.60320.30000018090523561283400008697,1.2.392.200046.100.14.20180906002828962,DE  DE_CarotidAngio  1.0  D30f  A_140kV,A_140kV,H
1.3.12.2.1107.5.1.4.60320.30000018090523561283400008698,1.2.392.200046.100.14.20180906002828962,DE  DE_CarotidAngio  1.0  D30f  B_80kV,B_80kV,L
1.3.12.2.1107.5.1.4.60320.30000018090600272082800070336,1.2.392.200046.100.14.20180906002828962,DE  DE_CarotidAngio  1.0  D30f  M_0.3,M_0.3,Mix
1.3.12.2.1107.5.99.2.9594.30000018090114041451500020977,1.2.392.200046.100.14.20180906002828962,DualEnergy BoneRemovalHead Suppressed #1,Suppressed,Suppressed
1.3.12.2.1107.5.99.2.9594.30000018081807483548400014403,1.2.392.200046.100.14.20180906002828962,<MIP Collection>,,
1.3.12.2.1107.5.99.2.9594.30000018081807483548400014418,1.2.392.200046.100.14.20180906002828962,<VRT Collection>,,
1.3.12.2.1107.5.1.4.60320.30020119012208462104000000000,1.2.392.200046.100.14.20190122041012675,DE  DE_CarotidAngio  1.0  D30f  A_140kV,A_140kV,H
1.3.12.2.1107.5.1.4.60320.30020119012208462104000000001,1.2.392.200046.100.14.20190122041012675,DE  DE_CarotidAngio  1.0  D30f  B_80kV,B_80kV,L
1.3.12.2.1107.5.1.4.60320.30000019012200243176500085845,1.2.392.200046.100.14.20190122041012675,DE  DE_CarotidAngio  1.0  D30f  M_0.3,M_0.3,Mix
1.3.12.2.1107.5.99.2.9594.30000019012215113151500002225,1.2.392.200046.100.14.20190122041012675,DualEnergy BoneRemovalHead Suppressed #1,Suppressed,Suppressed
1.3.12.2.1107.5.99.2.9594.30000019012209343173400001501,1.2.392.200046.100.14.20190122041012675,<VRT Collection>,,
1.3.12.2.1107.5.99.2.9594.30000019012209343173400001486,1.2.392.200046.100.14.20190122041012675,<MIP Collection>,,
1.3.12.2.1107.5.1.4.60320.30000018060901010753500000132,1.3.12.2.1107.5.1.4.60320.30000018060901053701900000005,DE  DE_CarotidAngio  1.0  D30f  A_140kV,A_140kV,H
1.3.12.2.1107.5.1.4.60320.30000018060901010753500000133,1.3.12.2.1107.5.1.4.60320.30000018060901053701900000005,DE  DE_CarotidAngio  1.0  D30f  B_80kV,B_80kV,L
1.3.12.2.1107.5.1.4.60320.30000018060900581269600003352,1.3.12.2.1107.5.1.4.60320.30000018060901053701900000005,DE  DE_CarotidAngio  1.0  D30f  M_0.3,M_0.3,Mix
1.3.12.2.1107.5.99.2.9594.30000018060513394545300008494,1.3.12.2.1107.5.1.4.60320.30000018060901053701900000005,DualEnergy BoneRemovalHead Suppressed #1,Suppressed,Suppressed
1.3.12.2.1107.5.99.2.9594.30000018060515030425000003466,1.3.12.2.1107.5.1.4.60320.30000018060901053701900000005,<VRT Collection>,,
1.3.12.2.1107.5.99.2.9594.30000018060515030425000003451,1.3.12.2.1107.5.1.4.60320.30000018060901053701900000005,<MIP Collection>,,
1.3.12.2.1107.5.1.4.60320.30000016041423522031800004828,1.2.392.200046.100.14.20160415002825951,DE  DE_HeadAngio  1.0  D30f  A_140kV,A_140kV,H
1.3.12.2.1107.5.1.4.60320.30000016041423522031800004829,1.2.392.200046.100.14.20160415002825951,DE  DE_HeadAngio  1.0  D30f  B_80kV,B_80kV,L
1.3.12.2.1107.5.1.4.60320.30000016041500130195800044961,1.2.392.200046.100.14.20160415002825951,DE  DE_HeadAngio  1.0  D30f  M_0.3,M_0.3,Mix
1.3.12.2.1107.5.99.2.9594.30000016041520025798400000128,1.2.392.200046.100.14.20160415002825951,DualEnergy BoneRemovalHead Suppressed #1,Suppressed,Suppressed
1.3.12.2.1107.5.99.2.9594.30000016041520034870300000636,1.2.392.200046.100.14.20160415002825951,<VRT Collection>,,
1.3.12.2.1107.5.99.2.9594.30000016041520034870300000618,1.2.392.200046.100.14.20160415002825951,<MIP Collection>,,
1.3.12.2.1107.5.1.4.60320.30000015122502263567900001496,1.2.392.200046.100.14.2015122400573829,DE  DE_HeadAngio  1.0  D30f  A_140kV,A_140kV,H
1.3.12.2.1107.5.1.4.60320.30000015122502263567900001497,1.2.392.200046.100.14.2015122400573829,DE  DE_HeadAngio  1.0  D30f  B_80kV,B_80kV,L
1.3.12.2.1107.5.1.4.60320.30000015122502273574000018797,1.2.392.200046.100.14.2015122400573829,DE  DE_HeadAngio  1.0  D30f  M_0.3,M_0.3,Mix
1.3.12.2.1107.5.99.2.9594.30000015122502012596800003999,1.2.392.200046.100.14.2015122400573829,DualEnergy BoneRemovalHead Suppressed #1,Suppressed,Suppressed
1.3.12.2.1107.5.99.2.9594.30000015122501002653100002895,1.2.392.200046.100.14.2015122400573829,<MIP Collection>,,
1.3.12.2.1107.5.99.2.9594.30000015122501002653100002913,1.2.392.200046.100.14.2015122400573829,<VRT Collection>,,
1.3.12.2.1107.5.1.4.60320.30000016101123574198100004652,1.2.392.200046.100.14.20161010006224041,DE  DE_HeadAngio  1.0  D30f  A_140kV,A_140kV,H
1.3.12.2.1107.5.1.4.60320.30000016101123574198100004653,1.2.392.200046.100.14.20161010006224041,DE  DE_HeadAngio  1.0  D30f  B_80kV,B_80kV,L
1.3.12.2.1107.5.1.4.60320.30000016101200080920600036914,1.2.392.200046.100.14.20161010006224041,DE  DE_HeadAngio  1.0  D30f  M_0.3,M_0.3,Mix
1.3.12.2.1107.5.99.2.9594.30000016101214422673400001746,1.2.392.200046.100.14.20161010006224041,DualEnergy BoneRemovalHead Suppressed #1,Suppressed,Suppressed
1.3.12.2.1107.5.99.2.9594.30000016100318373048400017310,1.2.392.200046.100.14.20161010006224041,<MIP Collection>,,
1.3.12.2.1107.5.99.2.9594.30000016100318373048400017325,1.2.392.200046.100.14.20161010006224041,<VRT Collection>,,
1.3.12.2.1107.5.1.4.60320.30000015112400142504200003846,1.2.392.200046.100.14.20151124003030674,DE  DE_CarotidAngio  1.0  D30f  A_140kV,A_140kV,H
1.3.12.2.1107.5.1.4.60320.30000015112400142504200003847,1.2.392.200046.100.14.20151124003030674,DE  DE_CarotidAngio  1.0  D30f  B_80kV,B_80kV,L
1.3.12.2.1107.5.1.4.60320.30000015112400343595600030797,1.2.392.200046.100.14.20151124003030674,DE  DE_CarotidAngio  1.0  D30f  M_0.3,M_0.3,Mix
1.3.12.2.1107.5.99.2.9594.30000015112302143379600005437,1.2.392.200046.100.14.20151124003030674,DualEnergy BoneRemovalHead Suppressed #1,Suppressed,Suppressed
1.3.12.2.1107.5.99.2.9594.30000015112300281435900010090,1.2.392.200046.100.14.20151124003030674,<MIP Collection>,,
1.3.12.2.1107.5.99.2.9594.30000015112300281435900010116,1.2.392.200046.100.14.20151124003030674,<VRT Collection>,,
1.3.12.2.1107.5.1.4.60320.30000017011300042325200000197,1.2.392.200046.100.14.20170112002414604,DE  DE_HeadAngio  1.0  D30f  A_140kV,A_140kV,H
1.3.12.2.1107.5.1.4.60320.30000017011300042325200000198,1.2.392.200046.100.14.20170112002414604,DE  DE_HeadAngio  1.0  D30f  B_80kV,B_80kV,L
1.3.12.2.1107.5.1.4.60320.30000017011300274860600002700,1.2.392.200046.100.14.20170112002414604,DE  DE_HeadAngio  1.0  D30f  M_0.3,M_0.3,Mix
1.3.12.2.1107.5.99.2.9594.30000017011312573795300000128,1.2.392.200046.100.14.20170112002414604,DualEnergy BoneRemovalHead Suppressed #1,Suppressed,Suppressed
1.3.12.2.1107.5.1.4.60320.30020117011300302230300000218,1.2.392.200046.100.14.20170112002414604,<VRT Collection>,,
1.3.12.2.1107.5.1.4.60320.30020117011300302230300000199,1.2.392.200046.100.14.20170112002414604,<MIP Collection>,,
1.3.12.2.1107.5.1.4.60320.30000015112000091828700003919,1.2.392.200046.100.14.20151120003925542,DE  DE_HeadAngio  1.0  D30f  A_140kV,A_140kV,H
1.3.12.2.1107.5.1.4.60320.30000015112000091828700003920,1.2.392.200046.100.14.20151120003925542,DE  DE_HeadAngio  1.0  D30f  B_80kV,B_80kV,L
1.3.12.2.1107.5.1.4.60320.30000015112000252952500038655,1.2.392.200046.100.14.20151120003925542,DE  DE_HeadAngio  1.0  D30f  M_0.3,M_0.3,Mix
1.3.12.2.1107.5.99.2.9594.30000015112000135445300000857,1.2.392.200046.100.14.20151120003925542,DualEnergy BoneRemovalHead Suppressed #1,Suppressed,Suppressed
1.3.12.2.1107.5.99.2.9594.30000015111923590928100010329,1.2.392.200046.100.14.20151120003925542,<MIP Collection>,,
1.3.12.2.1107.5.99.2.9594.30000015111923590928100010339,1.2.392.200046.100.14.20151120003925542,<VRT Collection>,,
1.3.12.2.1107.5.1.4.60320.30000017020600030080800004845,1.2.392.200046.100.14.20170204003710383,DE  DE_CarotidAngio  1.0  D30f  A_140kV,A_140kV,H
1.3.12.2.1107.5.1.4.60320.30000017020600030080800004846,1.2.392.200046.100.14.20170204003710383,DE  DE_CarotidAngio  1.0  D30f  B_80kV,B_80kV,L
1.3.12.2.1107.5.1.4.60320.30000017020600180452800041541,1.2.392.200046.100.14.20170204003710383,DE  DE_CarotidAngio  1.0  D30f  M_0.3,M_0.3,Mix
1.3.12.2.1107.5.99.2.9594.30000017020418443146800003304,1.2.392.200046.100.14.20170204003710383,DualEnergy BoneRemovalHead Suppressed #1,Suppressed,Suppressed
1.3.12.2.1107.5.99.2.9594.30000017012613484001500006245,1.2.392.200046.100.14.20170204003710383,<VRT Collection>,,
1.3.12.2.1107.5.99.2.9594.30000017012613484001500006226,1.2.392.200046.100.14.20170204003710383,<MIP Collection>,,
1.3.12.2.1107.5.1.4.60320.30000016032523550160000000145,1.2.392.200046.100.14.20160325003422355,DE  DE_CarotidAngio  1.0  D30f  A_140kV,A_140kV,H
1.3.12.2.1107.5.1.4.60320.30000016032523550160000000146,1.2.392.200046.100.14.20160325003422355,DE  DE_CarotidAngio  1.0  D30f  B_80kV,B_80kV,L
1.3.12.2.1107.5.1.4.60320.30000016032600140635800002350,1.2.392.200046.100.14.20160325003422355,DE  DE_CarotidAngio  1.0  D30f  M_0.3,M_0.3,Mix
1.3.12.2.1107.5.99.2.9594.30000016032513085190600006132,1.2.392.200046.100.14.20160325003422355,DualEnergy BoneRemovalHead Suppressed #1,Suppressed,Suppressed
1.3.12.2.1107.5.1.4.60320.30000016041023435852400000095,1.2.392.200046.100.14.20160409000315724,DE  DE_HeadAngio  1.0  D30f  A_140kV,A_140kV,H
1.3.12.2.1107.5.1.4.60320.30000016041023435852400000096,1.2.392.200046.100.14.20160409000315724,DE  DE_HeadAngio  1.0  D30f  B_80kV,B_80kV,L
1.3.12.2.1107.5.1.4.60320.30000016041100175559100000993,1.2.392.200046.100.14.20160409000315724,DE  DE_HeadAngio  1.0  D30f  M_0.3,M_0.3,Mix
1.3.12.2.1107.5.99.2.9594.30000016041112224484300000128,1.2.392.200046.100.14.20160409000315724,DualEnergy BoneRemovalHead Suppressed #1,Suppressed,Suppressed
1.3.12.2.1107.5.99.2.9594.30000016041112242712500000020,1.2.392.200046.100.14.20160409000315724,<MIP Collection>,,
1.3.12.2.1107.5.99.2.9594.30000016041112242712500000041,1.2.392.200046.100.14.20160409000315724,<VRT Collection>,,
1.3.12.2.1107.5.1.4.60320.30000018122800001826300005628,1.2.392.200046.100.14.20181227004911191,DE  DE_CarotidAngio  1.0  D30f  A_140kV,A_140kV,H
1.3.12.2.1107.5.1.4.60320.30000018122800001826300005629,1.2.392.200046.100.14.20181227004911191,DE  DE_CarotidAngio  1.0  D30f  B_80kV,B_80kV,L
1.3.12.2.1107.5.1.4.60320.30000018122800240724200044822,1.2.392.200046.100.14.20181227004911191,DE  DE_CarotidAngio  1.0  D30f  M_0.3,M_0.3,Mix
1.3.12.2.1107.5.99.2.9594.30000018122914094320300001947,1.2.392.200046.100.14.20181227004911191,DualEnergy BoneRemovalHead Suppressed #1,Suppressed,Suppressed
1.3.12.2.1107.5.99.2.9594.30000018122914071670300000449,1.2.392.200046.100.14.20181227004911191,<VRT Collection>,,
1.3.12.2.1107.5.99.2.9594.30000018122914071670300000303,1.2.392.200046.100.14.20181227004911191,<MIP Collection>,,
1.3.12.2.1107.5.1.4.60320.30000018122900041924300006499,1.2.392.200046.100.14.20181229002512581,DE  DE_CarotidAngio  1.0  D30f  A_140kV,A_140kV,H
1.3.12.2.1107.5.1.4.60320.30000018122900041924300006500,1.2.392.200046.100.14.20181229002512581,DE  DE_CarotidAngio  1.0  D30f  B_80kV,B_80kV,L
1.3.12.2.1107.5.1.4.60320.30000018122900193558700053523,1.2.392.200046.100.14.20181229002512581,DE  DE_CarotidAngio  1.0  D30f  M_0.3,M_0.3,Mix
1.3.12.2.1107.5.99.2.9594.30000018122914071670300001348,1.2.392.200046.100.14.20181229002512581,<VRT Collection>,,
1.3.12.2.1107.5.99.2.9594.30000018122914071670300001330,1.2.392.200046.100.14.20181229002512581,<MIP Collection>,,
1.3.12.2.1107.5.1.4.60320.30000018121923424833200000140,1.2.392.200046.100.14.20181214003941,DE  DE_CarotidAngio  1.0  D30f  A_140kV,A_140kV,H
1.3.12.2.1107.5.1.4.60320.30000018121923424833200000141,1.2.392.200046.100.14.20181214003941,DE  DE_CarotidAngio  1.0  D30f  B_80kV,B_80kV,L
1.3.12.2.1107.5.1.4.60320.30000018122000413564100001651,1.2.392.200046.100.14.20181214003941,DE  DE_CarotidAngio  1.0  D30f  M_0.3,M_0.3,Mix
1.3.12.2.1107.5.99.2.9594.30000018122108323689000000128,1.2.392.200046.100.14.20181214003941,DualEnergy BoneRemovalHead Suppressed #1,Suppressed,Suppressed
1.3.12.2.1107.5.99.2.9594.30000018122017064148400000250,1.2.392.200046.100.14.20181214003941,<MIP Collection>,,
1.3.12.2.1107.5.99.2.9594.30000018122017064148400000262,1.2.392.200046.100.14.20181214003941,<VRT Collection>,,
1.3.12.2.1107.5.1.4.60320.30000016101123574198100001581,1.2.392.200046.100.14.201610110010491,DE  DE_HeadAngio  1.0  D30f  A_140kV,A_140kV,H
1.3.12.2.1107.5.1.4.60320.30000016101123574198100001582,1.2.392.200046.100.14.201610110010491,DE  DE_HeadAngio  1.0  D30f  B_80kV,B_80kV,L
1.3.12.2.1107.5.1.4.60320.30000016101200080920600011848,1.2.392.200046.100.14.201610110010491,DE  DE_HeadAngio  1.0  D30f  M_0.3,M_0.3,Mix
1.3.12.2.1107.5.99.2.9594.30000016101214422673400000154,1.2.392.200046.100.14.201610110010491,DualEnergy BoneRemovalHead Suppressed #1,Suppressed,Suppressed
1.3.12.2.1107.5.1.4.60320.30020116101201381902200000521,1.2.392.200046.100.14.201610110010491,<MIP Collection>,,
1.3.12.2.1107.5.1.4.60320.30020116101201381902200000536,1.2.392.200046.100.14.201610110010491,<VRT Collection>,,
1.3.12.2.1107.5.1.4.60320.30000018040323375992500009714,1.2.392.200046.100.14.2018040300668146,DE  DE_HeadAngio  1.0  D30f  A_140kV,A_140kV,H
1.3.12.2.1107.5.1.4.60320.30000018040323375992500009715,1.2.392.200046.100.14.2018040300668146,DE  DE_HeadAngio  1.0  D30f  B_80kV,B_80kV,L
1.3.12.2.1107.5.1.4.60320.30000018040400252532800082459,1.2.392.200046.100.14.2018040300668146,DE  DE_HeadAngio  1.0  D30f  M_0.3,M_0.3,Mix
1.3.12.2.1107.5.99.2.9594.30000018040421295560900000128,1.2.392.200046.100.14.2018040300668146,DualEnergy BoneRemovalHead Suppressed #1,Suppressed,Suppressed
1.3.12.2.1107.5.1.4.60320.30020118040400344042000010702,1.2.392.200046.100.14.2018040300668146,<VRT Collection>,,
1.3.12.2.1107.5.1.4.60320.30020118040400344042000010688,1.2.392.200046.100.14.2018040300668146,<MIP Collection>,,
1.3.12.2.1107.5.1.4.60320.30000018073123434407700006597,1.2.392.200046.100.14.20180801005219161,DE  DE_CarotidAngio  1.0  D30f  A_140kV,A_140kV,H
1.3.12.2.1107.5.1.4.60320.30000018073123434407700006598,1.2.392.200046.100.14.20180801005219161,DE  DE_CarotidAngio  1.0  D30f  B_80kV,B_80kV,L
1.3.12.2.1107.5.1.4.60320.30000018080100112283100055737,1.2.392.200046.100.14.20180801005219161,DE  DE_CarotidAngio  1.0  D30f  M_0.3,M_0.3,Mix
1.3.12.2.1107.5.99.2.9594.30000018080113225109300001872,1.2.392.200046.100.14.20180801005219161,DualEnergy BoneRemovalBody Suppressed #1,Suppressed,Suppressed
1.3.12.2.1107.5.99.2.9594.30000018072905005939000002223,1.2.392.200046.100.14.20180801005219161,<MIP Collection>,,
1.3.12.2.1107.5.99.2.9594.30000018072905005939000002229,1.2.392.200046.100.14.20180801005219161,<VRT Collection>,,
1.3.12.2.1107.5.1.4.60320.30000018081923460838400002556,1.2.392.200046.100.14.20180818000321003,DE  DE_HeadAngio  1.0  D30f  A_140kV,A_140kV,H
1.3.12.2.1107.5.1.4.60320.30000018081923460838400002557,1.2.392.200046.100.14.20180818000321003,DE  DE_HeadAngio  1.0  D30f  B_80kV,B_80kV,L
1.3.12.2.1107.5.1.4.60320.30000018082000193228000018963,1.2.392.200046.100.14.20180818000321003,DE  DE_HeadAngio  1.0  D30f  M_0.3,M_0.3,Mix
1.3.12.2.1107.5.99.2.9594.30000018081807134601500002407,1.2.392.200046.100.14.20180818000321003,DualEnergy BoneRemovalHead Suppressed #1,Suppressed,Suppressed
1.3.12.2.1107.5.99.2.9594.30000018081807483548400001076,1.2.392.200046.100.14.20180818000321003,<MIP Collection>,,
1.3.12.2.1107.5.99.2.9594.30000018081807483548400001091,1.2.392.200046.100.14.20180818000321003,<VRT Collection>,,
1.3.12.2.1107.5.1.4.60320.30000015121123562475300000096,1.2.392.200046.100.14.201512110051153,DE  DE_HeadAngio  1.0  D30f  A_140kV,A_140kV,H
1.3.12.2.1107.5.1.4.60320.30000015121123562475300000097,1.2.392.200046.100.14.201512110051153,DE  DE_HeadAngio  1.0  D30f  B_80kV,B_80kV,L
1.3.12.2.1107.5.1.4.60320.30000015121200174148000001017,1.2.392.200046.100.14.201512110051153,DE  DE_HeadAngio  1.0  D30f  M_0.3,M_0.3,Mix
1.3.12.2.1107.5.99.2.9594.30000015121023435950000005025,1.2.392.200046.100.14.201512110051153,DualEnergy BoneRemovalHead Suppressed #1,Suppressed,Suppressed
1.3.12.2.1107.5.99.2.9594.30000015121011340898400011347,1.2.392.200046.100.14.201512110051153,<VRT Collection>,,
1.3.12.2.1107.5.99.2.9594.30000015121011340898400011310,1.2.392.200046.100.14.201512110051153,<MIP Collection>,,
1.3.12.2.1107.5.1.4.60320.30000019022123511509000008014,1.2.392.200046.100.14.2019022203357473,DE  DE_CarotidAngio  1.0  D30f  A_140kV,A_140kV,H
1.3.12.2.1107.5.1.4.60320.30000019022123511509000008015,1.2.392.200046.100.14.2019022203357473,DE  DE_CarotidAngio  1.0  D30f  B_80kV,B_80kV,L
1.3.12.2.1107.5.1.4.60320.30000019022200142774700066163,1.2.392.200046.100.14.2019022203357473,DE  DE_CarotidAngio  1.0  D30f  M_0.3,M_0.3,Mix
1.3.12.2.1107.5.99.2.9594.30000019021912115634300010914,1.2.392.200046.100.14.2019022203357473,DualEnergy BoneRemovalHead Suppressed #1,Suppressed,Suppressed
1.3.12.2.1107.5.99.2.9594.30000019021912235706200004135,1.2.392.200046.100.14.2019022203357473,<VRT Collection>,,
1.3.12.2.1107.5.99.2.9594.30000019021912235706200004120,1.2.392.200046.100.14.2019022203357473,<MIP Collection>,,
1.3.12.2.1107.5.1.4.60320.30000016101823401282600002682,1.2.392.200046.100.14.2016101800316072,DE  DE_CarotidAngio  1.0  D30f  A_140kV,A_140kV,H
1.3.12.2.1107.5.1.4.60320.30000016101823401282600002683,1.2.392.200046.100.14.2016101800316072,DE  DE_CarotidAngio  1.0  D30f  B_80kV,B_80kV,L
1.3.12.2.1107.5.1.4.60320.30000016101900130612700029331,1.2.392.200046.100.14.2016101800316072,DE  DE_CarotidAngio  1.0  D30f  M_0.3,M_0.3,Mix
1.3.12.2.1107.5.99.2.9594.30000016101812415384300004632,1.2.392.200046.100.14.2016101800316072,DualEnergy BoneRemovalHead Suppressed #1,Suppressed,Suppressed
1.3.12.2.1107.5.99.2.9594.30000016101800244914000019730,1.2.392.200046.100.14.2016101800316072,<MIP Collection>,,
1.3.12.2.1107.5.99.2.9594.30000016101800244914000019745,1.2.392.200046.100.14.2016101800316072,<VRT Collection>,,
1.3.12.2.1107.5.1.4.60320.30000019061900023186200004635,1.2.392.200046.100.14.20190619023927663,DE  DE_CarotidAngio  1.0  D30f  A_140kV,A_140kV,H
1.3.12.2.1107.5.1.4.60320.30000019061900023186200004636,1.2.392.200046.100.14.20190619023927663,DE  DE_CarotidAngio  1.0  D30f  B_80kV,B_80kV,L
1.3.12.2.1107.5.1.4.60320.30000019061900145240500043710,1.2.392.200046.100.14.20190619023927663,DE  DE_CarotidAngio  1.0  D30f  M_0.3,M_0.3,Mix
1.3.12.2.1107.5.99.2.9594.30000019061810502984300011582,1.2.392.200046.100.14.20190619023927663,DualEnergy BoneRemovalHead Suppressed #1,Suppressed,Suppressed
1.3.12.2.1107.5.99.2.9594.30000019061516461754600002674,1.2.392.200046.100.14.20190619023927663,<VRT Collection>,,
1.3.12.2.1107.5.99.2.9594.30000019061516461754600002659,1.2.392.200046.100.14.20190619023927663,<MIP Collection>,,
1.3.12.2.1107.5.1.4.60320.30000018111300021674800008882,1.2.392.200046.100.14.2018111300183805,DE  DE_CarotidAngio  1.0  D30f  A_140kV,A_140kV,H
1.3.12.2.1107.5.1.4.60320.30000018111300021674800008883,1.2.392.200046.100.14.2018111300183805,DE  DE_CarotidAngio  1.0  D30f  B_80kV,B_80kV,L
1.3.12.2.1107.5.1.4.60320.30000018111300165244600075987,1.2.392.200046.100.14.2018111300183805,DE  DE_CarotidAngio  1.0  D30f  M_0.3,M_0.3,Mix
1.3.12.2.1107.5.99.2.9594.30000018111114375976500007452,1.2.392.200046.100.14.2018111300183805,DualEnergy BoneRemovalHead Suppressed #1,Suppressed,Suppressed
1.3.12.2.1107.5.99.2.9594.30000018111310393798400002548,1.2.392.200046.100.14.2018111300183805,<MIP Collection>,,
1.3.12.2.1107.5.99.2.9594.30000018111310393798400002562,1.2.392.200046.100.14.2018111300183805,<VRT Collection>,,
1.3.12.2.1107.5.99.2.9594.30000019072215032325000008989,1.3.12.2.1107.5.99.2.9594.30000019072215032325000010011,DE  DE_CarotidAngio  1.0  D30f  A_140kV,A_140kV,H
1.3.12.2.1107.5.99.2.9594.30000019072215032325000009476,1.3.12.2.1107.5.99.2.9594.30000019072215032325000010011,DE  DE_CarotidAngio  1.0  D30f  B_80kV,B_80kV,L
1.3.12.2.1107.5.99.2.9594.30000019072215032325000009964,1.3.12.2.1107.5.99.2.9594.30000019072215032325000010011,DE  DE_CarotidAngio  1.0  D30f  M_0.3,M_0.3,Mix
1.3.12.2.1107.5.99.2.9594.30000019072010024984300002696,1.3.12.2.1107.5.99.2.9594.30000019072215032325000010011,DualEnergy BoneRemovalHead Suppressed #1,Suppressed,Suppressed
1.3.12.2.1107.5.99.2.9594.30000019071814045592100002101,1.3.12.2.1107.5.99.2.9594.30000019072215032325000010011,<VRT Collection>,,
1.3.12.2.1107.5.99.2.9594.30000019072215032325000010010,1.3.12.2.1107.5.99.2.9594.30000019072215032325000010011,<MIP Collection>,,
1.3.12.2.1107.5.1.4.60320.30000019072323410394300009970,1.2.392.200046.100.14.20190724030027189,DE  DE_CarotidAngio  1.0  D30f  A_140kV,A_140kV,H
1.3.12.2.1107.5.1.4.60320.30000019072323410394300009971,1.2.392.200046.100.14.20190724030027189,DE  DE_CarotidAngio  1.0  D30f  B_80kV,B_80kV,L
1.3.12.2.1107.5.1.4.60320.30000019072400091551600085698,1.2.392.200046.100.14.20190724030027189,DE  DE_CarotidAngio  1.0  D30f  M_0.3,M_0.3,Mix
1.3.12.2.1107.5.99.2.9594.30000019072313012309300003951,1.2.392.200046.100.14.20190724030027189,DualEnergy BoneRemovalHead Suppressed #1,Suppressed,Suppressed
1.3.12.2.1107.5.99.2.9594.30000019072516100665600000026,1.2.392.200046.100.14.20190724030027189,<VRT Collection>,,
1.3.12.2.1107.5.99.2.9594.30000019072516100665600000011,1.2.392.200046.100.14.20190724030027189,<MIP Collection>,,
1.3.12.2.1107.5.1.4.60320.30000018052123395543300009650,1.3.12.2.1107.5.1.4.60320.30000018052200195820800000065,DE  DE_CarotidAngio  1.0  D30f  A_140kV,A_140kV,H
1.3.12.2.1107.5.1.4.60320.30000018052123395543300009651,1.3.12.2.1107.5.1.4.60320.30000018052200195820800000065,DE  DE_CarotidAngio  1.0  D30f  B_80kV,B_80kV,L
1.3.12.2.1107.5.1.4.60320.30000018052200210740500078615,1.3.12.2.1107.5.1.4.60320.30000018052200195820800000065,DE  DE_CarotidAngio  1.0  D30f  M_0.3,M_0.3,Mix
1.3.12.2.1107.5.99.2.9594.30000018052216120384300004009,1.3.12.2.1107.5.1.4.60320.30000018052200195820800000065,DualEnergy BoneRemovalHead Suppressed #1,Suppressed,Suppressed
1.3.12.2.1107.5.99.2.9594.30000018052014544381200001182,1.3.12.2.1107.5.1.4.60320.30000018052200195820800000065,<MIP Collection>,,
1.3.12.2.1107.5.99.2.9594.30000018052014544381200001197,1.3.12.2.1107.5.1.4.60320.30000018052200195820800000065,<VRT Collection>,,
1.3.12.2.1107.5.1.4.60320.30000018072423562434200007262,1.2.392.200046.100.14.20180725003315565,DE  DE_HeadAngio  1.0  D30f  A_140kV,A_140kV,H
1.3.12.2.1107.5.1.4.60320.30000018072423562434200007263,1.2.392.200046.100.14.20180725003315565,DE  DE_HeadAngio  1.0  D30f  B_80kV,B_80kV,L
1.3.12.2.1107.5.1.4.60320.30000018072500173044300056738,1.2.392.200046.100.14.20180725003315565,DE  DE_HeadAngio  1.0  D30f  M_0.3,M_0.3,Mix
1.3.12.2.1107.5.99.2.9594.30000018072519032328100000128,1.2.392.200046.100.14.20180725003315565,DualEnergy BoneRemovalHead Suppressed #1,Suppressed,Suppressed
1.3.12.2.1107.5.99.2.9594.30000018072414104462500001287,1.2.392.200046.100.14.20180725003315565,<VRT Collection>,,
1.3.12.2.1107.5.99.2.9594.30000018072414104462500001272,1.2.392.200046.100.14.20180725003315565,<MIP Collection>,,
1.3.12.2.1107.5.1.4.60320.30000018090700070862800004573,1.2.392.200046.100.14.20180907003025828,DE  DE_CarotidAngio  1.0  D30f  A_140kV,A_140kV,H
1.3.12.2.1107.5.1.4.60320.30000018090700070862800004574,1.2.392.200046.100.14.20180907003025828,DE  DE_CarotidAngio  1.0  D30f  B_80kV,B_80kV,L
1.3.12.2.1107.5.1.4.60320.30000018090700163905900043205,1.2.392.200046.100.14.20180907003025828,DE  DE_CarotidAngio  1.0  D30f  M_0.3,M_0.3,Mix
1.3.12.2.1107.5.99.2.9594.30000018090114041451500026020,1.2.392.200046.100.14.20180907003025828,DualEnergy BoneRemovalHead Suppressed #1,Suppressed,Suppressed
1.3.12.2.1107.5.99.2.9594.30000018081807483548400014844,1.2.392.200046.100.14.20180907003025828,<MIP Collection>,,
1.3.12.2.1107.5.99.2.9594.30000018081807483548400014859,1.2.392.200046.100.14.20180907003025828,<VRT Collection>,,
1.3.12.2.1107.5.1.4.60320.30000017011823453904100003644,1.2.392.200046.100.14.20170119001415145,DE  DE_CarotidAngio  1.0  D30f  A_140kV,A_140kV,H
1.3.12.2.1107.5.1.4.60320.30000017011823453904100003645,1.2.392.200046.100.14.20170119001415145,DE  DE_CarotidAngio  1.0  D30f  B_80kV,B_80kV,L
1.3.12.2.1107.5.1.4.60320.30000017011901035529600032208,1.2.392.200046.100.14.20170119001415145,DE  DE_CarotidAngio  1.0  D30f  M_0.3,M_0.3,Mix
1.3.12.2.1107.5.99.2.9594.30000017011920273831200000128,1.2.392.200046.100.14.20170119001415145,DualEnergy BoneRemovalHead Suppressed #1,Suppressed,Suppressed
1.3.12.2.1107.5.1.4.60320.30020117011906512481900000131,1.2.392.200046.100.14.20170119001415145,<MIP Collection>,,
1.3.12.2.1107.5.1.4.60320.30020117011906512481900000146,1.2.392.200046.100.14.20170119001415145,<VRT Collection>,,
1.3.12.2.1107.5.1.4.60320.30000016091923332117200006802,1.2.392.200046.100.14.2016092000361071,DE  DE_HeadAngio  1.0  D30f  A_140kV,A_140kV,H
1.3.12.2.1107.5.1.4.60320.30000016091923332117200006803,1.2.392.200046.100.14.2016092000361071,DE  DE_HeadAngio  1.0  D30f  B_80kV,B_80kV,L
1.3.12.2.1107.5.1.4.60320.30000016091923443207200059227,1.2.392.200046.100.14.2016092000361071,DE  DE_HeadAngio  1.0  D30f  M_0.3,M_0.3,Mix
1.3.12.2.1107.5.99.2.9594.30000016092015011925000002018,1.2.392.200046.100.14.2016092000361071,DualEnergy BoneRemovalHead Suppressed #1,Suppressed,Suppressed
1.3.12.2.1107.5.99.2.9594.30000016090522015703100015545,1.2.392.200046.100.14.2016092000361071,<VRT Collection>,,
1.3.12.2.1107.5.1.4.60320.30000018112523544158700004292,1.2.392.200046.100.14.20181126007017006,DE  DE_CarotidAngio  1.0  D30f  A_140kV,A_140kV,H
1.3.12.2.1107.5.1.4.60320.30000019070223423193700008310,1.2.392.200046.100.14.20190702039819779,DE  DE_CarotidAngio  1.0  D30f  B_80kV,B_80kV,L
1.3.12.2.1107.5.1.4.60320.30000019070300062354000069478,1.2.392.200046.100.14.20190702039819779,DE  DE_CarotidAngio  1.0  D30f  M_0.3,M_0.3,Mix
1.3.12.2.1107.5.99.2.9594.30000019070318000795300006747,1.2.392.200046.100.14.20190702039819779,DualEnergy BoneRemovalHead Suppressed #1,Suppressed,Suppressed
1.3.12.2.1107.5.99.2.9594.30000019062113274709300007005,1.2.392.200046.100.14.20190702039819779,<VRT Collection>,,
1.3.12.2.1107.5.99.2.9594.30000019062113274709300006986,1.2.392.200046.100.14.20190702039819779,<MIP Collection>,,
1.3.12.2.1107.5.1.4.60320.30000019052023561487000012684,1.2.392.200046.100.14.20190521025014469,DE  DE_CarotidAngio  1.0  D30f  A_140kV,A_140kV,H
1.3.12.2.1107.5.1.4.60320.30000019052023561487000012685,1.2.392.200046.100.14.20190521025014469,DE  DE_CarotidAngio  1.0  D30f  B_80kV,B_80kV,L
1.3.12.2.1107.5.1.4.60320.30000019052100093638500103600,1.2.392.200046.100.14.20190521025014469,DE  DE_CarotidAngio  1.0  D30f  M_0.3,M_0.3,Mix
1.3.12.2.1107.5.99.2.9594.30000019051714472243700025821,1.2.392.200046.100.14.20190521025014469,DualEnergy BoneRemovalHead Suppressed #1,Suppressed,Suppressed
1.3.12.2.1107.5.99.2.9594.30000019051714510923400004487,1.2.392.200046.100.14.20190521025014469,<MIP Collection>,,
1.3.12.2.1107.5.99.2.9594.30000019051714510923400004498,1.2.392.200046.100.14.20190521025014469,<VRT Collection>,,
1.3.12.2.1107.5.1.4.60320.30000016031323454768800002463,1.2.392.200046.100.14.20160314000815881,DE  DE_CarotidAngio  1.0  D30f  A_140kV,A_140kV,H
1.3.12.2.1107.5.1.4.60320.30000016031323454768800002464,1.2.392.200046.100.14.20160314000815881,DE  DE_CarotidAngio  1.0  D30f  B_80kV,B_80kV,L
1.3.12.2.1107.5.1.4.60320.30000016031400205123700020445,1.2.392.200046.100.14.20160314000815881,DE  DE_CarotidAngio  1.0  D30f  M_0.3,M_0.3,Mix
1.3.12.2.1107.5.99.2.9594.30000016031114073104600007780,1.2.392.200046.100.14.20160314000815881,DualEnergy BoneRemovalHead Suppressed #1,Suppressed,Suppressed
1.3.12.2.1107.5.99.2.9594.30000016031112243806200023678,1.2.392.200046.100.14.20160314000815881,<MIP Collection>,,
1.3.12.2.1107.5.99.2.9594.30000016031112243806200023696,1.2.392.200046.100.14.20160314000815881,<VRT Collection>,,
1.3.12.2.1107.5.1.4.60320.30000016041123531915100006522,1.2.392.200046.100.14.20160412006832196,DE  DE_HeadAngio  1.0  D30f  A_140kV,A_140kV,H
1.3.12.2.1107.5.1.4.60320.30000016041123531915100006523,1.2.392.200046.100.14.20160412006832196,DE  DE_HeadAngio  1.0  D30f  B_80kV,B_80kV,L
1.3.12.2.1107.5.1.4.60320.30000016041200201467400058917,1.2.392.200046.100.14.20160412006832196,DE  DE_HeadAngio  1.0  D30f  M_0.3,M_0.3,Mix
1.3.12.2.1107.5.99.2.9594.30000016041112224484300008277,1.2.392.200046.100.14.20160412006832196,DualEnergy BoneRemovalHead Suppressed #1,Suppressed,Suppressed
1.3.12.2.1107.5.99.2.9594.30000016041113513379600018534,1.2.392.200046.100.14.20160412006832196,<VRT Collection>,,
1.3.12.2.1107.5.99.2.9594.30000016041113513379600018519,1.2.392.200046.100.14.20160412006832196,<MIP Collection>,,
1.3.12.2.1107.5.1.4.60320.30000019022600014305900007189,1.2.392.200046.100.14.20190225033828838,DE  DE_CarotidAngio  1.0  D30f  A_140kV,A_140kV,H
1.3.12.2.1107.5.1.4.60320.30000019022600014305900007190,1.2.392.200046.100.14.20190225033828838,DE  DE_CarotidAngio  1.0  D30f  B_80kV,B_80kV,L
1.3.12.2.1107.5.1.4.60320.30000019022600164366800060056,1.2.392.200046.100.14.20190225033828838,DE  DE_CarotidAngio  1.0  D30f  M_0.3,M_0.3,Mix
1.3.12.2.1107.5.99.2.9594.30000019022612001039000005525,1.2.392.200046.100.14.20190225033828838,DualEnergy BoneRemovalHead Suppressed #1,Suppressed,Suppressed
1.3.12.2.1107.5.99.2.9594.30000019021912235706200008967,1.2.392.200046.100.14.20190225033828838,<MIP Collection>,,
1.3.12.2.1107.5.99.2.9594.30000019021912235706200008988,1.2.392.200046.100.14.20190225033828838,<VRT Collection>,,
1.3.12.2.1107.5.1.4.60320.30000019061023463234600010751,1.2.392.200046.100.14.20190611003127085,DE  DE_CarotidAngio  1.0  D30f  B_80kV,B_80kV,L
1.3.12.2.1107.5.1.4.60320.30000019061100035223100093960,1.2.392.200046.100.14.20190611003127085,DE  DE_CarotidAngio  1.0  D30f  M_0.3,M_0.3,Mix
1.3.12.2.1107.5.99.2.9594.30000019060717213710900007558,1.2.392.200046.100.14.20190611003127085,DualEnergy BoneRemovalHead Suppressed #1,Suppressed,Suppressed
1.3.12.2.1107.5.99.2.9594.30000019060715593620300003376,1.2.392.200046.100.14.20190611003127085,<MIP Collection>,,
1.3.12.2.1107.5.99.2.9594.30000019060715593620300003391,1.2.392.200046.100.14.20190611003127085,<VRT Collection>,,
1.3.12.2.1107.5.1.4.60320.30000019063023161037700010547,1.2.392.200046.100.14.20190628034120580,DE  DE_CarotidAngio  1.0  D30f  A_140kV,A_140kV,H
1.3.12.2.1107.5.1.4.60320.30000019063023161037700010548,1.2.392.200046.100.14.20190628034120580,DE  DE_CarotidAngio  1.0  D30f  B_80kV,B_80kV,L
1.3.12.2.1107.5.1.4.60320.30000019070100033731800092157,1.2.392.200046.100.14.20190628034120580,DE  DE_CarotidAngio  1.0  D30f  M_0.3,M_0.3,Mix
1.3.12.2.1107.5.99.2.9594.30000019070210370610900002043,1.2.392.200046.100.14.20190628034120580,DualEnergy BoneRemovalHead Suppressed #1,Suppressed,Suppressed
1.3.12.2.1107.5.1.4.60320.30020119070100381331100005662,1.2.392.200046.100.14.20190628034120580,<VRT Collection>,,
1.3.12.2.1107.5.1.4.60320.30020119070100381331100005647,1.2.392.200046.100.14.20190628034120580,<MIP Collection>,,
1.3.12.2.1107.5.1.4.60320.30000019080623520355500004360,1.3.12.2.1107.5.1.4.60320.30000019080700011273300000019,DE  DE_CarotidAngio  1.0  D30f  A_140kV,A_140kV,H
1.3.12.2.1107.5.1.4.60320.30000019080623520355500004361,1.3.12.2.1107.5.1.4.60320.30000019080700011273300000019,DE  DE_CarotidAngio  1.0  D30f  B_80kV,B_80kV,L
1.3.12.2.1107.5.1.4.60320.30000019080700042591900035034,1.3.12.2.1107.5.1.4.60320.30000019080700011273300000019,DE  DE_CarotidAngio  1.0  D30f  M_0.3,M_0.3,Mix
1.3.12.2.1107.5.99.2.9594.30000019080810183879600003867,1.3.12.2.1107.5.1.4.60320.30000019080700011273300000019,DualEnergy BoneRemovalHead Suppressed #1,Suppressed,Suppressed
1.3.12.2.1107.5.99.2.9594.30000019080810290210900000551,1.3.12.2.1107.5.1.4.60320.30000019080700011273300000019,<VRT Collection>,,
1.3.12.2.1107.5.99.2.9594.30000019080810290210900000536,1.3.12.2.1107.5.1.4.60320.30000019080700011273300000019,<MIP Collection>,,
1.3.12.2.1107.5.1.4.60320.30000016041423522031800000093,1.2.392.200046.100.14.2016041200533333,DE  DE_CarotidAngio  1.0  D30f  A_140kV,A_140kV,H
1.3.12.2.1107.5.1.4.60320.30000016041423522031800000094,1.2.392.200046.100.14.2016041200533333,DE  DE_CarotidAngio  1.0  D30f  B_80kV,B_80kV,L
1.3.12.2.1107.5.1.4.60320.30000016041500130195800001177,1.2.392.200046.100.14.2016041200533333,DE  DE_CarotidAngio  1.0  D30f  M_0.3,M_0.3,Mix
1.3.12.2.1107.5.99.2.9594.30000016041513031598400000128,1.2.392.200046.100.14.2016041200533333,DualEnergy BoneRemovalHead Suppressed #1,Suppressed,Suppressed
1.3.12.2.1107.5.99.2.9594.30000016041421203176500001910,1.2.392.200046.100.14.2016041200533333,<VRT Collection>,,
1.3.12.2.1107.5.99.2.9594.30000016041421203176500001892,1.2.392.200046.100.14.2016041200533333,<MIP Collection>,,
1.3.12.2.1107.5.1.4.60320.30000018122400044874000001501,1.2.392.200046.100.14.20181219002511224,DE  DE_CarotidAngio  1.0  D30f  A_140kV,A_140kV,H
1.3.12.2.1107.5.1.4.60320.30000018122400044874000001502,1.2.392.200046.100.14.20181219002511224,DE  DE_CarotidAngio  1.0  D30f  B_80kV,B_80kV,L
1.3.12.2.1107.5.1.4.60320.30000018122400284654800011514,1.2.392.200046.100.14.20181219002511224,DE  DE_CarotidAngio  1.0  D30f  M_0.3,M_0.3,Mix
1.3.12.2.1107.5.99.2.9594.30000018122115540679600000726,1.2.392.200046.100.14.20181219002511224,DualEnergy BoneRemovalHead Suppressed #1,Suppressed,Suppressed
1.3.12.2.1107.5.99.2.9594.30000018122114542778100002868,1.2.392.200046.100.14.20181219002511224,<VRT Collection>,,
1.3.12.2.1107.5.99.2.9594.30000018122114542778100002850,1.2.392.200046.100.14.20181219002511224,<MIP Collection>,,
1.3.12.2.1107.5.1.4.60320.30000016022823454120800003534,1.3.12.2.1107.5.1.4.60320.30000016022823590366800000032,DE  DE_CarotidAngio  1.0  D30f  A_140kV,A_140kV,H
1.3.12.2.1107.5.1.4.60320.30000016022823454120800003535,1.3.12.2.1107.5.1.4.60320.30000016022823590366800000032,DE  DE_CarotidAngio  1.0  D30f  B_80kV,B_80kV,L
1.3.12.2.1107.5.1.4.60320.30000016022900013238500027600,1.3.12.2.1107.5.1.4.60320.30000016022823590366800000032,DE  DE_CarotidAngio  1.0  D30f  M_0.3,M_0.3,Mix
1.3.12.2.1107.5.99.2.9594.30000016022802043418700001689,1.3.12.2.1107.5.1.4.60320.30000016022823590366800000032,DualEnergy BoneRemovalHead Suppressed #1,Suppressed,Suppressed
1.3.12.2.1107.5.99.2.9594.30000016022723420351500002117,1.3.12.2.1107.5.1.4.60320.30000016022823590366800000032,<VRT Collection>,,
1.3.12.2.1107.5.99.2.9594.30000016022723420351500002096,1.3.12.2.1107.5.1.4.60320.30000016022823590366800000032,<MIP Collection>,,
1.3.12.2.1107.5.1.4.60320.30000018122700011453300005308,1.2.392.200046.100.14.20181225004414507,DE  DE_CarotidAngio  1.0  D30f  A_140kV,A_140kV,H
1.3.12.2.1107.5.1.4.60320.30000018122700011453300005309,1.2.392.200046.100.14.20181225004414507,DE  DE_CarotidAngio  1.0  D30f  B_80kV,B_80kV,L
1.3.12.2.1107.5.1.4.60320.30000018122700250320700047568,1.2.392.200046.100.14.20181225004414507,DE  DE_CarotidAngio  1.0  D30f  M_0.3,M_0.3,Mix
1.3.12.2.1107.5.99.2.9594.30000018122714423517100005143,1.2.392.200046.100.14.20181225004414507,DualEnergy BoneRemovalHead Suppressed #1,Suppressed,Suppressed
1.3.12.2.1107.5.99.2.9594.30000018122714184365600001696,1.2.392.200046.100.14.20181225004414507,<VRT Collection>,,
1.3.12.2.1107.5.99.2.9594.30000018122714184365600001678,1.2.392.200046.100.14.20181225004414507,<MIP Collection>,,
1.3.12.2.1107.5.1.4.60320.30000016070400063312700005148,1.2.392.200046.100.14.20160703000913648,DE  DE_HeadAngio  1.0  D30f  A_140kV,A_140kV,H
1.3.12.2.1107.5.1.4.60320.30000016070400063312700005149,1.2.392.200046.100.14.20160703000913648,DE  DE_HeadAngio  1.0  D30f  B_80kV,B_80kV,L
1.3.12.2.1107.5.1.4.60320.30000016070400173333000040398,1.2.392.200046.100.14.20160703000913648,DE  DE_HeadAngio  1.0  D30f  M_0.3,M_0.3,Mix
1.3.12.2.1107.5.99.2.9594.30000016070416475178100000128,1.2.392.200046.100.14.20160703000913648,DualEnergy BoneRemovalHead Suppressed #1,Suppressed,Suppressed
1.3.12.2.1107.5.99.2.9594.30000016070412154753100000880,1.2.392.200046.100.14.20160703000913648,<MIP Collection>,,
1.3.12.2.1107.5.99.2.9594.30000016070412154753100000937,1.2.392.200046.100.14.20160703000913648,<VRT Collection>,,
1.3.12.2.1107.5.1.4.60320.30000017032000165436100009244,1.2.392.200046.100.14.20170317003832726,DE  DE_HeadAngio  1.0  D30f  A_140kV,A_140kV,H
1.3.12.2.1107.5.1.4.60320.30000017032000165436100009245,1.2.392.200046.100.14.20170317003832726,DE  DE_HeadAngio  1.0  D30f  B_80kV,B_80kV,L
1.3.12.2.1107.5.1.4.60320.30000017032000290732500074043,1.2.392.200046.100.14.20170317003832726,DE  DE_HeadAngio  1.0  D30f  M_0.3,M_0.3,Mix
1.3.12.2.1107.5.99.2.9594.30000017032015301571800000538,1.2.392.200046.100.14.20170317003832726,<VRT Collection>,,
1.3.12.2.1107.5.99.2.9594.30000017032015301571800000523,1.2.392.200046.100.14.20170317003832726,<MIP Collection>,,
1.3.12.2.1107.5.1.4.60320.30000018040723471839300009203,1.2.392.200046.100.14.20180406000720474,DE  DE_HeadAngio  1.0  D30f  A_140kV,A_140kV,H
1.3.12.2.1107.5.1.4.60320.30000018040723471839300009204,1.2.392.200046.100.14.20180406000720474,DE  DE_HeadAngio  1.0  D30f  B_80kV,B_80kV,L
1.3.12.2.1107.5.1.4.60320.30000018040800120476100078217,1.2.392.200046.100.14.20180406000720474,DE  DE_HeadAngio  1.0  D30f  M_0.3,M_0.3,Mix
1.3.12.2.1107.5.99.2.9594.30000018040421295560900006151,1.2.392.200046.100.14.20180406000720474,DualEnergy BoneRemovalHead Suppressed #1,Suppressed,Suppressed
1.3.12.2.1107.5.99.2.9594.30000018040420094145300004992,1.2.392.200046.100.14.20180406000720474,<MIP Collection>,,
1.3.12.2.1107.5.99.2.9594.30000018040420094145300005168,1.2.392.200046.100.14.20180406000720474,<VRT Collection>,,
1.3.12.2.1107.5.1.4.60320.30000016101500042504900003746,1.2.392.200046.100.14.20161015001620315,DE  DE_HeadAngio  1.0  D30f  A_140kV,A_140kV,H
1.3.12.2.1107.5.1.4.60320.30000016101500042504900003747,1.2.392.200046.100.14.20161015001620315,DE  DE_HeadAngio  1.0  D30f  B_80kV,B_80kV,L
1.3.12.2.1107.5.1.4.60320.30000016101500135066200031751,1.2.392.200046.100.14.20161015001620315,DE  DE_HeadAngio  1.0  D30f  M_0.3,M_0.3,Mix
1.3.12.2.1107.5.99.2.9594.30000016101514373073400000275,1.2.392.200046.100.14.20161015001620315,DualEnergy BoneRemovalHead Suppressed #1,Suppressed,Suppressed
1.3.12.2.1107.5.99.2.9594.30000016100318373048400022067,1.2.392.200046.100.14.20161015001620315,<VRT Collection>,,
1.3.12.2.1107.5.99.2.9594.30000016100318373048400022053,1.2.392.200046.100.14.20161015001620315,<MIP Collection>,,
1.3.12.2.1107.5.1.4.60320.30000018052223403616200004474,1.2.392.200046.100.14.20180523003122668,DE  DE_CarotidAngio  1.0  D30f  A_140kV,A_140kV,H
1.3.12.2.1107.5.1.4.60320.30000018052223403616200004475,1.2.392.200046.100.14.20180523003122668,DE  DE_CarotidAngio  1.0  D30f  B_80kV,B_80kV,L
1.3.12.2.1107.5.1.4.60320.30000018052300064084200040363,1.2.392.200046.100.14.20180523003122668,DE  DE_CarotidAngio  1.0  D30f  M_0.3,M_0.3,Mix
1.3.12.2.1107.5.99.2.9594.30000018052216120384300008565,1.2.392.200046.100.14.20180523003122668,DualEnergy BoneRemovalHead Suppressed #1,Suppressed,Suppressed
1.3.12.2.1107.5.99.2.9594.30000018052222545462500000508,1.2.392.200046.100.14.20180523003122668,<VRT Collection>,,
1.3.12.2.1107.5.99.2.9594.30000018052222545462500000493,1.2.392.200046.100.14.20180523003122668,<MIP Collection>,,
1.3.12.2.1107.5.1.4.60320.30000018062623330393900002361,1.2.392.200046.100.14.20180627001214474,DE  DE_HeadAngio  1.0  D30f  A_140kV,A_140kV,H
1.3.12.2.1107.5.1.4.60320.30000018062623330393900002362,1.2.392.200046.100.14.20180627001214474,DE  DE_HeadAngio  1.0  D30f  B_80kV,B_80kV,L
1.3.12.2.1107.5.1.4.60320.30000018062700173397900021399,1.2.392.200046.100.14.20180627001214474,DE  DE_HeadAngio  1.0  D30f  M_0.3,M_0.3,Mix
1.3.12.2.1107.5.99.2.9594.30000018062620565598400001976,1.2.392.200046.100.14.20180627001214474,DualEnergy BoneRemovalHead Suppressed #1,Suppressed,Suppressed
1.3.12.2.1107.5.99.2.9594.30000018061513222275000009259,1.2.392.200046.100.14.20180627001214474,<MIP Collection>,,
1.3.12.2.1107.5.99.2.9594.30000018061513222275000009274,1.2.392.200046.100.14.20180627001214474,<VRT Collection>,,
1.3.12.2.1107.5.1.4.60320.30000018121700045239400001284,1.2.392.200046.100.14.20181213006327446,DE  DE_CarotidAngio  1.0  D30f  A_140kV,A_140kV,H
1.3.12.2.1107.5.1.4.60320.30000018121700045239400001285,1.2.392.200046.100.14.20181213006327446,DE  DE_CarotidAngio  1.0  D30f  B_80kV,B_80kV,L
1.3.12.2.1107.5.1.4.60320.30000018121700272042500009487,1.2.392.200046.100.14.20181213006327446,DE  DE_CarotidAngio  1.0  D30f  M_0.3,M_0.3,Mix
1.3.12.2.1107.5.99.2.9594.30000018121519051414000003298,1.2.392.200046.100.14.20181213006327446,DualEnergy BoneRemovalHead Suppressed #1,Suppressed,Suppressed
1.3.12.2.1107.5.99.2.9594.30000018121519054528100000651,1.2.392.200046.100.14.20181213006327446,<MIP Collection>,,
1.3.12.2.1107.5.99.2.9594.30000018121519054528100000665,1.2.392.200046.100.14.20181213006327446,<VRT Collection>,,
1.3.12.2.1107.5.1.4.60320.30000019050523474548700011050,1.2.392.200046.100.14.20190506039422348,DE  DE_CarotidAngio  1.0  D30f  A_140kV,A_140kV,H
1.3.12.2.1107.5.1.4.60320.30000019050523474548700011051,1.2.392.200046.100.14.20190506039422348,DE  DE_CarotidAngio  1.0  D30f  B_80kV,B_80kV,L
1.3.12.2.1107.5.1.4.60320.30000019050600041943500086374,1.2.392.200046.100.14.20190506039422348,DE  DE_CarotidAngio  1.0  D30f  M_0.3,M_0.3,Mix
1.3.12.2.1107.5.99.2.9594.30000019050710081700000000635,1.2.392.200046.100.14.20190506039422348,<MIP Collection>,,
1.3.12.2.1107.5.99.2.9594.30000019050710081700000000647,1.2.392.200046.100.14.20190506039422348,<VRT Collection>,,
1.3.12.2.1107.5.1.4.60320.30000016032923511814700006251,1.2.392.200046.100.14.20160328006010353,DE  DE_CarotidAngio  1.0  D30f  A_140kV,A_140kV,H
1.3.12.2.1107.5.1.4.60320.30000016032923511814700006252,1.2.392.200046.100.14.20160328006010353,DE  DE_CarotidAngio  1.0  D30f  B_80kV,B_80kV,L
1.3.12.2.1107.5.1.4.60320.30000016033000083351800052826,1.2.392.200046.100.14.20160328006010353,DE  DE_CarotidAngio  1.0  D30f  M_0.3,M_0.3,Mix
1.3.12.2.1107.5.99.2.9594.30000016032913334351500011297,1.2.392.200046.100.14.20160328006010353,DualEnergy BoneRemovalHead Suppressed #1,Suppressed,Suppressed
1.3.12.2.1107.5.99.2.9594.30000016032912005728100005933,1.2.392.200046.100.14.20160328006010353,<MIP Collection>,,
1.3.12.2.1107.5.99.2.9594.30000016032912005728100005951,1.2.392.200046.100.14.20160328006010353,<VRT Collection>,,
1.3.12.2.1107.5.1.4.60320.30000016050823531644400004958,1.2.392.200046.100.14.20160509003426816,DE  DE_CarotidAngio  1.0  D30f  A_140kV,A_140kV,H
1.3.12.2.1107.5.1.4.60320.30000016050823531644400004959,1.2.392.200046.100.14.20160509003426816,DE  DE_CarotidAngio  1.0  D30f  B_80kV,B_80kV,L
1.3.12.2.1107.5.1.4.60320.30000016050900161633900065070,1.2.392.200046.100.14.20160509003426816,DE  DE_CarotidAngio  1.0  D30f  M_0.3,M_0.3,Mix
1.3.12.2.1107.5.99.2.9594.30000016050920400998400001756,1.2.392.200046.100.14.20160509003426816,DualEnergy BoneRemovalHead Suppressed #1,Suppressed,Suppressed
1.3.12.2.1107.5.1.4.60320.30020116050902124805000001507,1.2.392.200046.100.14.20160509003426816,<VRT Collection>,,
1.3.12.2.1107.5.1.4.60320.30020116050902124805000001489,1.2.392.200046.100.14.20160509003426816,<MIP Collection>,,
1.3.12.2.1107.5.1.4.60320.30000016081523511661200000283,1.3.12.2.1107.5.1.4.60320.30000016081600041609900000004,DE  DE_HeadAngio  1.0  D30f  A_140kV,A_140kV,H
1.3.12.2.1107.5.1.4.60320.30000016081523511661200000284,1.3.12.2.1107.5.1.4.60320.30000016081600041609900000004,DE  DE_HeadAngio  1.0  D30f  B_80kV,B_80kV,L
1.3.12.2.1107.5.1.4.60320.30000016081600051754100005365,1.3.12.2.1107.5.1.4.60320.30000016081600041609900000004,DE  DE_HeadAngio  1.0  D30f  M_0.3,M_0.3,Mix
1.3.12.2.1107.5.99.2.9594.30000016081520382082800002956,1.3.12.2.1107.5.1.4.60320.30000016081600041609900000004,DualEnergy BoneRemovalHead Suppressed #1,Suppressed,Suppressed
1.3.12.2.1107.5.99.2.9594.30000016081518000045300000958,1.3.12.2.1107.5.1.4.60320.30000016081600041609900000004,<MIP Collection>,,
1.3.12.2.1107.5.99.2.9594.30000016081518000045300000963,1.3.12.2.1107.5.1.4.60320.30000016081600041609900000004,<VRT Collection>,,
1.3.12.2.1107.5.1.4.60320.30000016091723403667200005877,1.2.392.200046.100.14.20160917001627830,DE  DE_CarotidAngio  1.0  D30f  A_140kV,A_140kV,H
1.3.12.2.1107.5.1.4.60320.30000016091723403667200005878,1.2.392.200046.100.14.20160917001627830,DE  DE_CarotidAngio  1.0  D30f  B_80kV,B_80kV,L
1.3.12.2.1107.5.1.4.60320.30000016091800120226700050881,1.2.392.200046.100.14.20160917001627830,DE  DE_CarotidAngio  1.0  D30f  M_0.3,M_0.3,Mix
1.3.12.2.1107.5.99.2.9594.30000016091420370496800000582,1.2.392.200046.100.14.20160917001627830,DualEnergy BoneRemovalHead Suppressed #1,Suppressed,Suppressed
1.3.12.2.1107.5.1.4.60320.30000016091800295715600016371,1.2.392.200046.100.14.20160917001627830,<MIP Collection>,,
1.3.12.2.1107.5.1.4.60320.30000016091800295715600016386,1.2.392.200046.100.14.20160917001627830,<VRT Collection>,,
1.3.12.2.1107.5.1.4.60320.30000016112023474236100006895,1.2.392.200046.100.14.2016111700445651,DE  DE_CarotidAngio  1.0  D30f  A_140kV,A_140kV,H
1.3.12.2.1107.5.1.4.60320.30000016112023474236100006896,1.2.392.200046.100.14.2016111700445651,DE  DE_CarotidAngio  1.0  D30f  B_80kV,B_80kV,L
1.3.12.2.1107.5.1.4.60320.30000016112100274399000048949,1.2.392.200046.100.14.2016111700445651,DE  DE_CarotidAngio  1.0  D30f  M_0.3,M_0.3,Mix
1.3.12.2.1107.5.99.2.9594.30000016111414350268700019299,1.2.392.200046.100.14.2016111700445651,DualEnergy BoneRemovalHead Suppressed #1,Suppressed,Suppressed
1.3.12.2.1107.5.99.2.9594.30000016112120010015600000882,1.2.392.200046.100.14.2016111700445651,<MIP Collection>,,
1.3.12.2.1107.5.99.2.9594.30000016112120010015600000897,1.2.392.200046.100.14.2016111700445651,<VRT Collection>,,
1.3.12.2.1107.5.1.4.60320.30000018080923473365700001107,1.2.392.200046.100.14.20180809003214604,DE  DE_CarotidAngio  1.0  D30f  A_140kV,A_140kV,H
1.3.12.2.1107.5.1.4.60320.30000018080923473365700001108,1.2.392.200046.100.14.20180809003214604,DE  DE_CarotidAngio  1.0  D30f  B_80kV,B_80kV,L
1.3.12.2.1107.5.1.4.60320.30000018081000091033400008856,1.2.392.200046.100.14.20180809003214604,DE  DE_CarotidAngio  1.0  D30f  M_0.3,M_0.3,Mix
1.3.12.2.1107.5.99.2.9594.30000018080913171610900004903,1.2.392.200046.100.14.20180809003214604,DualEnergy BoneRemovalHead Suppressed #1,Suppressed,Suppressed
1.3.12.2.1107.5.99.2.9594.30000018080814082309300000651,1.2.392.200046.100.14.20180809003214604,<VRT Collection>,,
1.3.12.2.1107.5.99.2.9594.30000018080814082309300000636,1.2.392.200046.100.14.20180809003214604,<MIP Collection>,,
1.3.12.2.1107.5.1.4.60320.30000018090300001178400000103,1.2.392.200046.100.14.20180831002919169,DE  DE_CarotidAngio  1.0  D30f  A_140kV,A_140kV,H
1.3.12.2.1107.5.1.4.60320.30000018090300001178400000104,1.2.392.200046.100.14.20180831002919169,DE  DE_CarotidAngio  1.0  D30f  B_80kV,B_80kV,L
1.3.12.2.1107.5.1.4.60320.30000018090300153468600001271,1.2.392.200046.100.14.20180831002919169,DE  DE_CarotidAngio  1.0  D30f  M_0.3,M_0.3,Mix
1.3.12.2.1107.5.99.2.9594.30000018090114041451500008343,1.2.392.200046.100.14.20180831002919169,DualEnergy BoneRemovalHead Suppressed #1,Suppressed,Suppressed
1.3.12.2.1107.5.99.2.9594.30000018081807483548400011192,1.2.392.200046.100.14.20180831002919169,<VRT Collection>,,
1.3.12.2.1107.5.99.2.9594.30000018081807483548400011177,1.2.392.200046.100.14.20180831002919169,<MIP Collection>,,
1.3.12.2.1107.5.1.4.60320.30000016050823531644400002634,1.2.392.200046.100.14.20160508000131818,DE  DE_HeadAngio  1.0  D30f  A_140kV,A_140kV,H
1.3.12.2.1107.5.1.4.60320.30000016050823531644400002635,1.2.392.200046.100.14.20160508000131818,DE  DE_HeadAngio  1.0  D30f  B_80kV,B_80kV,L
1.3.12.2.1107.5.1.4.60320.30000016050900161633900033930,1.2.392.200046.100.14.20160508000131818,DE  DE_HeadAngio  1.0  D30f  M_0.3,M_0.3,Mix
1.3.12.2.1107.5.99.2.9594.30000016050812075418700003173,1.2.392.200046.100.14.20160508000131818,DualEnergy BoneRemovalHead Suppressed #1,Suppressed,Suppressed
1.3.12.2.1107.5.1.4.60320.30020116050902124805000001329,1.2.392.200046.100.14.20160508000131818,<MIP Collection>,,
1.3.12.2.1107.5.1.4.60320.30020116050902124805000001347,1.2.392.200046.100.14.20160508000131818,<VRT Collection>,,
1.3.12.2.1107.5.1.4.60320.30000016031323454768800000105,1.2.392.200046.100.14.20160312002211538,DE  DE_CarotidAngio  1.0  D30f  A_140kV,A_140kV,H
1.3.12.2.1107.5.1.4.60320.30000016031323454768800000106,1.2.392.200046.100.14.20160312002211538,DE  DE_CarotidAngio  1.0  D30f  B_80kV,B_80kV,L
1.3.12.2.1107.5.1.4.60320.30000016031400205123700001228,1.2.392.200046.100.14.20160312002211538,DE  DE_CarotidAngio  1.0  D30f  M_0.3,M_0.3,Mix
1.3.12.2.1107.5.99.2.9594.30000016031114073104600005613,1.2.392.200046.100.14.20160312002211538,DualEnergy BoneRemovalHead Suppressed #1,Suppressed,Suppressed
1.3.12.2.1107.5.99.2.9594.30000016031112243806200019446,1.2.392.200046.100.14.20160312002211538,<MIP Collection>,,
1.3.12.2.1107.5.99.2.9594.30000016031112243806200019464,1.2.392.200046.100.14.20160312002211538,<VRT Collection>,,
1.3.12.2.1107.5.1.4.60320.30000019031323340205400008496,1.2.392.200046.100.14.20190313032123168,DE  DE_CarotidAngio  1.0  D30f  A_140kV,A_140kV,H
1.3.12.2.1107.5.1.4.60320.30000019031323340205400008497,1.2.392.200046.100.14.20190313032123168,DE  DE_CarotidAngio  1.0  D30f  B_80kV,B_80kV,L
1.3.12.2.1107.5.1.4.60320.30000019031400161161100074534,1.2.392.200046.100.14.20190313032123168,DE  DE_CarotidAngio  1.0  D30f  M_0.3,M_0.3,Mix
1.3.12.2.1107.5.99.2.9594.30000019031516155048400000128,1.2.392.200046.100.14.20190313032123168,DualEnergy BoneRemovalHead Suppressed #1,Suppressed,Suppressed
1.3.12.2.1107.5.1.4.60320.30020119031400444362000036515,1.2.392.200046.100.14.20190313032123168,<MIP Collection>,,
1.3.12.2.1107.5.1.4.60320.30020119031400444362000036520,1.2.392.200046.100.14.20190313032123168,<VRT Collection>,,
1.3.12.2.1107.5.1.4.60320.30000019011323543413500007268,1.2.392.200046.100.14.20190114006922955,DE  DE_CarotidAngio  1.0  D30f  A_140kV,A_140kV,H
1.3.12.2.1107.5.1.4.60320.30000019011323543413500007269,1.2.392.200046.100.14.20190114006922955,DE  DE_CarotidAngio  1.0  D30f  B_80kV,B_80kV,L
1.3.12.2.1107.5.1.4.60320.30000019011400245145200059829,1.2.392.200046.100.14.20190114006922955,DE  DE_CarotidAngio  1.0  D30f  M_0.3,M_0.3,Mix
1.3.12.2.1107.5.99.2.9594.30000019011510172989000004745,1.2.392.200046.100.14.20190114006922955,DualEnergy BoneRemovalHead Suppressed #1,Suppressed,Suppressed
1.3.12.2.1107.5.99.2.9594.30000019011510200176500000347,1.2.392.200046.100.14.20190114006922955,<VRT Collection>,,
1.3.12.2.1107.5.99.2.9594.30000019011510200176500000332,1.2.392.200046.100.14.20190114006922955,<MIP Collection>,,
1.3.12.2.1107.5.1.4.60320.30000016032523550160000001174,1.2.392.200046.100.14.20160325006120450,DE  DE_CarotidAngio  1.0  D30f  A_140kV,A_140kV,H
1.3.12.2.1107.5.1.4.60320.30000016032523550160000001175,1.2.392.200046.100.14.20160325006120450,DE  DE_CarotidAngio  1.0  D30f  B_80kV,B_80kV,L
1.3.12.2.1107.5.1.4.60320.30000016032600140635800013510,1.2.392.200046.100.14.20160325006120450,DE  DE_CarotidAngio  1.0  D30f  M_0.3,M_0.3,Mix
1.3.12.2.1107.5.99.2.9594.30000016032513085190600007579,1.2.392.200046.100.14.20160325006120450,DualEnergy BoneRemovalHead Suppressed #1,Suppressed,Suppressed
1.3.12.2.1107.5.99.2.9594.30000016032413492529600014716,1.2.392.200046.100.14.20160325006120450,<MIP Collection>,,
1.3.12.2.1107.5.99.2.9594.30000016032413492529600014731,1.2.392.200046.100.14.20160325006120450,<VRT Collection>,,
1.3.12.2.1107.5.1.4.60320.30000018081423333836100002582,1.2.392.200046.100.14.20180815000130527,DE  DE_CarotidAngio  1.0  D30f  A_140kV,A_140kV,H
1.3.12.2.1107.5.1.4.60320.30000018081423333836100002583,1.2.392.200046.100.14.20180815000130527,DE  DE_CarotidAngio  1.0  D30f  B_80kV,B_80kV,L
1.3.12.2.1107.5.1.4.60320.30000018081500071074100019152,1.2.392.200046.100.14.20180815000130527,DE  DE_CarotidAngio  1.0  D30f  M_0.3,M_0.3,Mix
1.3.12.2.1107.5.99.2.9594.30000018080913171610900015417,1.2.392.200046.100.14.20180815000130527,DualEnergy BoneRemovalHead Suppressed #1,Suppressed,Suppressed
1.3.12.2.1107.5.99.2.9594.30000018080814082309300003895,1.2.392.200046.100.14.20180815000130527,<VRT Collection>,,
1.3.12.2.1107.5.99.2.9594.30000018080814082309300003880,1.2.392.200046.100.14.20180815000130527,<MIP Collection>,,
1.3.12.2.1107.5.1.4.60320.30000016072200113491000004669,1.2.392.200046.100.14.20160722002728869,DE  DE_CarotidAngio  1.0  D30f  A_140kV,A_140kV,H
1.3.12.2.1107.5.1.4.60320.30000016072200113491000004670,1.2.392.200046.100.14.20160722002728869,DE  DE_CarotidAngio  1.0  D30f  B_80kV,B_80kV,L
1.3.12.2.1107.5.1.4.60320.30000016072200251946500050604,1.2.392.200046.100.14.20160722002728869,DE  DE_CarotidAngio  1.0  D30f  M_0.3,M_0.3,Mix
1.3.12.2.1107.5.99.2.9594.30000016072119395076500005944,1.2.392.200046.100.14.20160722002728869,DualEnergy BoneRemovalHead Suppressed #1,Suppressed,Suppressed
1.3.12.2.1107.5.99.2.9594.30000016072121273110900001006,1.2.392.200046.100.14.20160722002728869,<VRT Collection>,,
1.3.12.2.1107.5.99.2.9594.30000016072121273110900000981,1.2.392.200046.100.14.20160722002728869,<MIP Collection>,,
1.3.12.2.1107.5.1.4.60320.30000015121723573802100002960,1.3.12.2.1107.5.1.4.60320.30000015121800205379400000037,DE  DE_CarotidAngio  1.0  D30f  A_140kV,A_140kV,H
1.3.12.2.1107.5.1.4.60320.30000015121723573802100002961,1.3.12.2.1107.5.1.4.60320.30000015121800205379400000037,DE  DE_CarotidAngio  1.0  D30f  B_80kV,B_80kV,L
1.3.12.2.1107.5.1.4.60320.30000015121800215554500024274,1.3.12.2.1107.5.1.4.60320.30000015121800205379400000037,DE  DE_CarotidAngio  1.0  D30f  M_0.3,M_0.3,Mix
1.3.12.2.1107.5.99.2.9594.30000015121800330885900003654,1.3.12.2.1107.5.1.4.60320.30000015121800205379400000037,DualEnergy BoneRemovalHead Suppressed #1,Suppressed,Suppressed
1.3.12.2.1107.5.99.2.9594.30000015121807111006200000737,1.3.12.2.1107.5.1.4.60320.30000015121800205379400000037,<MIP Collection>,,
1.3.12.2.1107.5.99.2.9594.30000015121807111006200000762,1.3.12.2.1107.5.1.4.60320.30000015121800205379400000037,<VRT Collection>,,
1.3.12.2.1107.5.1.4.60320.30000018112523544158700001159,1.2.392.200046.100.14.20181123007022593,DE  DE_CarotidAngio  1.0  D30f  A_140kV,A_140kV,H
1.3.12.2.1107.5.1.4.60320.30000018112523544158700001160,1.2.392.200046.100.14.20181123007022593,DE  DE_CarotidAngio  1.0  D30f  B_80kV,B_80kV,L
1.3.12.2.1107.5.1.4.60320.30000018112600105502700009814,1.2.392.200046.100.14.20181123007022593,DE  DE_CarotidAngio  1.0  D30f  M_0.3,M_0.3,Mix
1.3.12.2.1107.5.99.2.9594.30000018112215154417100010933,1.2.392.200046.100.14.20181123007022593,DualEnergy BoneRemovalHead Suppressed #1,Suppressed,Suppressed
1.3.12.2.1107.5.99.2.9594.30000018111310393798400010064,1.2.392.200046.100.14.20181123007022593,<MIP Collection>,,
1.3.12.2.1107.5.99.2.9594.30000018111310393798400010079,1.2.392.200046.100.14.20181123007022593,<VRT Collection>,,
1.3.12.2.1107.5.1.4.60320.30000016060523555218500001819,1.2.392.200046.100.14.20160605001626924,DE  DE_HeadAngio  1.0  D30f  A_140kV,A_140kV,H
1.3.12.2.1107.5.1.4.60320.30000016060523555218500001820,1.2.392.200046.100.14.20160605001626924,DE  DE_HeadAngio  1.0  D30f  B_80kV,B_80kV,L
1.3.12.2.1107.5.1.4.60320.30000016060600215523600013559,1.2.392.200046.100.14.20160605001626924,DE  DE_HeadAngio  1.0  D30f  M_0.3,M_0.3,Mix
1.3.12.2.1107.5.99.2.9594.30000016060520561351500001307,1.2.392.200046.100.14.20160605001626924,DualEnergy BoneRemovalHead Suppressed #1,Suppressed,Suppressed
1.3.12.2.1107.5.99.2.9594.30000016060519134960900001830,1.2.392.200046.100.14.20160605001626924,<MIP Collection>,,
1.3.12.2.1107.5.99.2.9594.30000016060519134960900001848,1.2.392.200046.100.14.20160605001626924,<VRT Collection>,,
1.3.12.2.1107.5.1.4.60320.30000015120700065538600000781,1.2.392.200046.100.14.20151205007319912,DE  DE_CarotidAngio  1.0  D30f  A_140kV,A_140kV,H
1.3.12.2.1107.5.1.4.60320.30000015120700065538600000782,1.2.392.200046.100.14.20151205007319912,DE  DE_CarotidAngio  1.0  D30f  B_80kV,B_80kV,L
1.3.12.2.1107.5.1.4.60320.30000015120700254284400005722,1.2.392.200046.100.14.20151205007319912,DE  DE_CarotidAngio  1.0  D30f  M_0.3,M_0.3,Mix
1.3.12.2.1107.5.99.2.9594.30000015120500132381200005141,1.2.392.200046.100.14.20151205007319912,DualEnergy BoneRemovalHead Suppressed #1,Suppressed,Suppressed
1.3.12.2.1107.5.99.2.9594.30000015120407461279600014455,1.2.392.200046.100.14.20151205007319912,<VRT Collection>,,
1.3.12.2.1107.5.99.2.9594.30000015120407461279600014440,1.2.392.200046.100.14.20151205007319912,<MIP Collection>,,
1.3.12.2.1107.5.1.4.60320.30000016101123574198100005041,1.2.392.200046.100.14.2016101100317949,DE  DE_HeadAngio  1.0  D30f  A_140kV,A_140kV,H
1.3.12.2.1107.5.1.4.60320.30000016101123574198100005042,1.2.392.200046.100.14.2016101100317949,DE  DE_HeadAngio  1.0  D30f  B_80kV,B_80kV,L
1.3.12.2.1107.5.1.4.60320.30000016101200080920600042393,1.2.392.200046.100.14.2016101100317949,DE  DE_HeadAngio  1.0  D30f  M_0.3,M_0.3,Mix
1.3.12.2.1107.5.99.2.9594.30000016101214422673400004037,1.2.392.200046.100.14.2016101100317949,DualEnergy BoneRemovalHead Suppressed #1,Suppressed,Suppressed
1.3.12.2.1107.5.1.4.60320.30000019061723572959300008073,1.2.392.200046.100.14.20190617054312448,DE  DE_CarotidAngio  1.0  D30f  A_140kV,A_140kV,H
1.3.12.2.1107.5.1.4.60320.30000019061723572959300008074,1.2.392.200046.100.14.20190617054312448,DE  DE_CarotidAngio  1.0  D30f  B_80kV,B_80kV,L
1.3.12.2.1107.5.1.4.60320.30000019061800132130600072384,1.2.392.200046.100.14.20190617054312448,DE  DE_CarotidAngio  1.0  D30f  M_0.3,M_0.3,Mix
1.3.12.2.1107.5.99.2.9594.30000019061810502984300006694,1.2.392.200046.100.14.20190617054312448,DualEnergy BoneRemovalHead Suppressed #1,Suppressed,Suppressed
1.3.12.2.1107.5.99.2.9594.30000019061516461754600002388,1.2.392.200046.100.14.20190617054312448,<MIP Collection>,,
1.3.12.2.1107.5.99.2.9594.30000019061516461754600002403,1.2.392.200046.100.14.20190617054312448,<VRT Collection>,,
1.3.12.2.1107.5.1.4.60320.30000017042523141054200009344,1.2.392.200046.100.14.20170425005231418,DE  DE_HeadAngio  1.0  D30f  A_140kV,A_140kV,H
1.3.12.2.1107.5.1.4.60320.30000017042523141054200009345,1.2.392.200046.100.14.20170425005231418,DE  DE_HeadAngio  1.0  D30f  B_80kV,B_80kV,L
1.3.12.2.1107.5.1.4.60320.30000017042600120307400090708,1.2.392.200046.100.14.20170425005231418,DE  DE_HeadAngio  1.0  D30f  M_0.3,M_0.3,Mix
1.3.12.2.1107.5.99.2.9594.30000017042700364826500000128,1.2.392.200046.100.14.20170425005231418,DualEnergy BoneRemovalHead Suppressed #1,Suppressed,Suppressed
1.3.12.2.1107.5.99.2.9594.30000017042622221739000000443,1.2.392.200046.100.14.20170425005231418,<MIP Collection>,,
1.3.12.2.1107.5.99.2.9594.30000017042622221739000000458,1.2.392.200046.100.14.20170425005231418,<VRT Collection>,,
1.3.12.2.1107.5.1.4.60320.30000018081323415061300006572,1.3.12.2.1107.5.1.4.60320.30000018081400140370300000051,DE  DE_CarotidAngio  1.0  D30f  A_140kV,A_140kV,H
1.3.12.2.1107.5.1.4.60320.30000018081323415061300006573,1.3.12.2.1107.5.1.4.60320.30000018081400140370300000051,DE  DE_CarotidAngio  1.0  D30f  B_80kV,B_80kV,L
1.3.12.2.1107.5.1.4.60320.30000018081400152828100052071,1.3.12.2.1107.5.1.4.60320.30000018081400140370300000051,DE  DE_CarotidAngio  1.0  D30f  M_0.3,M_0.3,Mix
1.3.12.2.1107.5.99.2.9594.30000018080913171610900011931,1.3.12.2.1107.5.1.4.60320.30000018081400140370300000051,DualEnergy BoneRemovalHead Suppressed #1,Suppressed,Suppressed
1.3.12.2.1107.5.99.2.9594.30000018080814082309300003615,1.3.12.2.1107.5.1.4.60320.30000018081400140370300000051,<VRT Collection>,,
1.3.12.2.1107.5.99.2.9594.30000018080814082309300003547,1.3.12.2.1107.5.1.4.60320.30000018081400140370300000051,<MIP Collection>,,
1.3.12.2.1107.5.1.4.60320.30000018083023395749500008222,1.2.392.200046.100.14.20180831002228510,DE  DE_CarotidAngio  1.0  D30f  A_140kV,A_140kV,H
1.3.12.2.1107.5.1.4.60320.30000018083023395749500008223,1.2.392.200046.100.14.20180831002228510,DE  DE_CarotidAngio  1.0  D30f  B_80kV,B_80kV,L
1.3.12.2.1107.5.1.4.60320.30000018083023490806300067447,1.2.392.200046.100.14.20180831002228510,DE  DE_CarotidAngio  1.0  D30f  M_0.3,M_0.3,Mix
1.3.12.2.1107.5.99.2.9594.30000018090114041451500003217,1.2.392.200046.100.14.20180831002228510,DualEnergy BoneRemovalHead Suppressed #1,Suppressed,Suppressed
1.3.12.2.1107.5.99.2.9594.30000018081807483548400010830,1.2.392.200046.100.14.20180831002228510,<MIP Collection>,,
1.3.12.2.1107.5.99.2.9594.30000018081807483548400010859,1.2.392.200046.100.14.20180831002228510,<VRT Collection>,,
1.3.12.2.1107.5.1.4.60320.30000018091823574328300005453,1.2.392.200046.100.14.20180918003111058,DE  DE_CarotidAngio  1.0  D30f  A_140kV,A_140kV,H
1.3.12.2.1107.5.1.4.60320.30000018091823574328300005454,1.2.392.200046.100.14.20180918003111058,DE  DE_CarotidAngio  1.0  D30f  B_80kV,B_80kV,L
1.3.12.2.1107.5.1.4.60320.30000018091900183851900055754,1.2.392.200046.100.14.20180918003111058,DE  DE_CarotidAngio  1.0  D30f  M_0.3,M_0.3,Mix
1.3.12.2.1107.5.99.2.9594.30000018091512264239000007800,1.2.392.200046.100.14.20180918003111058,DualEnergy BoneRemovalHead Suppressed #1,Suppressed,Suppressed
1.3.12.2.1107.5.99.2.9594.30000018091315332764000003716,1.2.392.200046.100.14.20180918003111058,<MIP Collection>,,
1.3.12.2.1107.5.99.2.9594.30000018091315332764000003731,1.2.392.200046.100.14.20180918003111058,<VRT Collection>,,
1.3.12.2.1107.5.1.4.60320.30000019042805360951700000672,1.2.392.200046.100.14.2019042800997833,DE  DE_CarotidAngio  1.0  D30f  A_140kV,A_140kV,H
1.3.12.2.1107.5.1.4.60320.30000019042805360951700000673,1.2.392.200046.100.14.2019042800997833,DE  DE_CarotidAngio  1.0  D30f  B_80kV,B_80kV,L
1.3.12.2.1107.5.1.4.60320.30000019042806425003500005161,1.2.392.200046.100.14.2019042800997833,DE  DE_CarotidAngio  1.0  D30f  M_0.3,M_0.3,Mix
1.3.12.2.1107.5.99.2.9594.30000019042916441620300000128,1.2.392.200046.100.14.2019042800997833,DualEnergy BoneRemovalHead Suppressed #1,Suppressed,Suppressed
1.3.12.2.1107.5.99.2.9594.30000019042917565662500000036,1.2.392.200046.100.14.2019042800997833,<MIP Collection>,,
1.3.12.2.1107.5.99.2.9594.30000019042917565662500000051,1.2.392.200046.100.14.2019042800997833,<VRT Collection>,,
1.3.12.2.1107.5.1.4.60320.30000016042623303502600002623,1.2.392.200046.100.14.20160426002019156,DE  DE_CarotidAngio  1.0  D30f  A_140kV,A_140kV,H
1.3.12.2.1107.5.1.4.60320.30000016042623303502600002624,1.2.392.200046.100.14.20160426002019156,DE  DE_CarotidAngio  1.0  D30f  B_80kV,B_80kV,L
1.3.12.2.1107.5.1.4.60320.30000016042623315844900024308,1.2.392.200046.100.14.20160426002019156,DE  DE_CarotidAngio  1.0  D30f  M_0.3,M_0.3,Mix
1.3.12.2.1107.5.99.2.9594.30000016042715412376500003690,1.2.392.200046.100.14.20160426002019156,DualEnergy BoneRemovalHead Suppressed #1,Suppressed,Suppressed
1.3.12.2.1107.5.99.2.9594.30000016042715360931200005723,1.2.392.200046.100.14.20160426002019156,<MIP Collection>,,
1.3.12.2.1107.5.99.2.9594.30000016042715360931200005741,1.2.392.200046.100.14.20160426002019156,<VRT Collection>,,
1.3.12.2.1107.5.1.4.60320.30000015122502263567900000796,1.2.392.200046.100.14.20151225004328617,DE  DE_HeadAngio  1.0  D30f  A_140kV,A_140kV,H
1.3.12.2.1107.5.1.4.60320.30000015122502263567900000797,1.2.392.200046.100.14.20151225004328617,DE  DE_HeadAngio  1.0  D30f  B_80kV,B_80kV,L
1.3.12.2.1107.5.1.4.60320.30000015122502273574000009834,1.2.392.200046.100.14.20151225004328617,DE  DE_HeadAngio  1.0  D30f  M_0.3,M_0.3,Mix
1.3.12.2.1107.5.99.2.9594.30000015122502012596800000626,1.2.392.200046.100.14.20151225004328617,DualEnergy BoneRemovalHead Suppressed #1,Suppressed,Suppressed
1.3.12.2.1107.5.99.2.9594.30000015122501002653100002459,1.2.392.200046.100.14.20151225004328617,<MIP Collection>,,
1.3.12.2.1107.5.99.2.9594.30000015122501002653100002480,1.2.392.200046.100.14.20151225004328617,<VRT Collection>,,
1.3.12.2.1107.5.1.4.60320.30000016041423522031800000355,1.3.12.2.1107.5.1.4.60320.30000016041500110009700000004,DE  DE_CarotidAngio  1.0  D30f  A_140kV,A_140kV,H
1.3.12.2.1107.5.1.4.60320.30000016041423522031800000356,1.3.12.2.1107.5.1.4.60320.30000016041500110009700000004,DE  DE_CarotidAngio  1.0  D30f  B_80kV,B_80kV,L
1.3.12.2.1107.5.1.4.60320.30000016041500130195800003750,1.3.12.2.1107.5.1.4.60320.30000016041500110009700000004,DE  DE_CarotidAngio  1.0  D30f  M_0.3,M_0.3,Mix
1.3.12.2.1107.5.99.2.9594.30000016041514035664000000128,1.3.12.2.1107.5.1.4.60320.30000016041500110009700000004,DualEnergy BoneRemovalHead Suppressed #1,Suppressed,Suppressed
1.3.12.2.1107.5.99.2.9594.30000016041421203176500002335,1.3.12.2.1107.5.1.4.60320.30000016041500110009700000004,<VRT Collection>,,
1.3.12.2.1107.5.99.2.9594.30000016041421203176500002317,1.3.12.2.1107.5.1.4.60320.30000016041500110009700000004,<MIP Collection>,,
1.3.12.2.1107.5.1.4.60320.30000018030523554453100007055,1.2.392.200046.100.14.2018030500876995,DE  DE_CarotidAngio  1.0  D30f  A_140kV,A_140kV,H
1.3.12.2.1107.5.1.4.60320.30000018030523554453100007056,1.2.392.200046.100.14.2018030500876995,DE  DE_CarotidAngio  1.0  D30f  B_80kV,B_80kV,L
1.3.12.2.1107.5.1.4.60320.30000018030600103572600059181,1.2.392.200046.100.14.2018030500876995,DE  DE_CarotidAngio  1.0  D30f  M_0.3,M_0.3,Mix
1.3.12.2.1107.5.99.2.9594.30000018030613415717100000294,1.2.392.200046.100.14.2018030500876995,DualEnergy BoneRemovalHead Suppressed #1,Suppressed,Suppressed
1.3.12.2.1107.5.99.2.9594.30000018030119063309300004943,1.2.392.200046.100.14.2018030500876995,<VRT Collection>,,
1.3.12.2.1107.5.99.2.9594.30000018030119063309300004938,1.2.392.200046.100.14.2018030500876995,<MIP Collection>,,
1.3.12.2.1107.5.1.4.60320.30000016032123431323800000681,1.2.392.200046.100.14.20160321005029168,DE  DE_CarotidAngio  1.0  D30f  A_140kV,A_140kV,H
1.3.12.2.1107.5.1.4.60320.30000016032123431323800000682,1.2.392.200046.100.14.20160321005029168,DE  DE_CarotidAngio  1.0  D30f  B_80kV,B_80kV,L
1.3.12.2.1107.5.1.4.60320.30000016032200232828900006392,1.2.392.200046.100.14.20160321005029168,DE  DE_CarotidAngio  1.0  D30f  M_0.3,M_0.3,Mix
1.3.12.2.1107.5.99.2.9594.30000016032120224846800002154,1.2.392.200046.100.14.20160321005029168,DualEnergy BoneRemovalHead Suppressed #1,Suppressed,Suppressed
1.3.12.2.1107.5.99.2.9594.30000016032119413662500001635,1.2.392.200046.100.14.20160321005029168,<MIP Collection>,,
1.3.12.2.1107.5.99.2.9594.30000016032119413662500001653,1.2.392.200046.100.14.20160321005029168,<VRT Collection>,,
1.3.12.2.1107.5.1.4.60320.30000018082223383056100006030,1.2.392.200046.100.14.20180822004731163,DE  DE_HeadAngio  1.0  D30f  A_140kV,A_140kV,H
1.3.12.2.1107.5.1.4.60320.30000018082223383056100006031,1.2.392.200046.100.14.20180822004731163,DE  DE_HeadAngio  1.0  D30f  B_80kV,B_80kV,L
1.3.12.2.1107.5.1.4.60320.30000018082300224940700048027,1.2.392.200046.100.14.20180822004731163,DE  DE_HeadAngio  1.0  D30f  M_0.3,M_0.3,Mix
1.3.12.2.1107.5.99.2.9594.30000018082116321745300005639,1.2.392.200046.100.14.20180822004731163,DualEnergy BoneRemovalHead Suppressed #1,Suppressed,Suppressed
1.3.12.2.1107.5.99.2.9594.30000018081807483548400005104,1.2.392.200046.100.14.20180822004731163,<VRT Collection>,,
1.3.12.2.1107.5.99.2.9594.30000018081807483548400005083,1.2.392.200046.100.14.20180822004731163,<MIP Collection>,,
1.3.12.2.1107.5.1.4.60320.30000016060400003425400003044,1.2.392.200046.100.14.2016060300458260,DE  DE_CarotidAngio  1.0  D30f  A_140kV,A_140kV,H
1.3.12.2.1107.5.1.4.60320.30000016060400003425400003045,1.2.392.200046.100.14.2016060300458260,DE  DE_CarotidAngio  1.0  D30f  B_80kV,B_80kV,L
1.3.12.2.1107.5.1.4.60320.30000016060400121837900024436,1.2.392.200046.100.14.2016060300458260,DE  DE_CarotidAngio  1.0  D30f  M_0.3,M_0.3,Mix
1.3.12.2.1107.5.99.2.9594.30000016060413093857800001701,1.2.392.200046.100.14.2016060300458260,DualEnergy BoneRemovalHead Suppressed #1,Suppressed,Suppressed
1.3.12.2.1107.5.1.4.60320.30020116060401532722100000293,1.2.392.200046.100.14.2016060300458260,<MIP Collection>,,
1.3.12.2.1107.5.1.4.60320.30020116060401532722100000335,1.2.392.200046.100.14.2016060300458260,<VRT Collection>,,
1.3.12.2.1107.5.1.4.60320.30000019072323410394300010778,1.2.392.200046.100.14.20190724033132651,DE  DE_CarotidAngio  1.0  D30f  A_140kV,A_140kV,H
1.3.12.2.1107.5.1.4.60320.30000019072323410394300010779,1.2.392.200046.100.14.20190724033132651,DE  DE_CarotidAngio  1.0  D30f  B_80kV,B_80kV,L
1.3.12.2.1107.5.1.4.60320.30000019072400091551600095712,1.2.392.200046.100.14.20190724033132651,DE  DE_CarotidAngio  1.0  D30f  M_0.3,M_0.3,Mix
1.3.12.2.1107.5.99.2.9594.30000019072313012309300008499,1.2.392.200046.100.14.20190724033132651,DualEnergy BoneRemovalHead Suppressed #1,Suppressed,Suppressed
1.3.12.2.1107.5.99.2.9594.30000019072516100665600000202,1.2.392.200046.100.14.20190724033132651,<MIP Collection>,,
1.3.12.2.1107.5.99.2.9594.30000019072516100665600000217,1.2.392.200046.100.14.20190724033132651,<VRT Collection>,,
1.3.12.2.1107.5.1.4.60320.30000018122700011453300007144,1.2.392.200046.100.14.20181226004713063,DE  DE_CarotidAngio  1.0  D30f  A_140kV,A_140kV,H
1.3.12.2.1107.5.1.4.60320.30000018122700011453300007145,1.2.392.200046.100.14.20181226004713063,DE  DE_CarotidAngio  1.0  D30f  B_80kV,B_80kV,L
1.3.12.2.1107.5.1.4.60320.30000018122700250320700062342,1.2.392.200046.100.14.20181226004713063,DE  DE_CarotidAngio  1.0  D30f  M_0.3,M_0.3,Mix
1.3.12.2.1107.5.99.2.9594.30000018122714423517100006827,1.2.392.200046.100.14.20181226004713063,DualEnergy BoneRemovalHead Suppressed #1,Suppressed,Suppressed
1.3.12.2.1107.5.99.2.9594.30000018122714184365600002312,1.2.392.200046.100.14.20181226004713063,<VRT Collection>,,
1.3.12.2.1107.5.99.2.9594.30000018122714184365600002298,1.2.392.200046.100.14.20181226004713063,<MIP Collection>,,
