,seriesInstanceUID,studyInstanceUID,info,brief_info,more_brief_info
0,1.3.12.2.1107.5.1.4.60320.30000016072900340620200026263,1.3.12.2.1107.5.1.4.60320.30000016072900171834200000026,DE  DE_CarotidAngio  1.0  D30f  M_0.3,M_0.3,Mix
1,1.3.12.2.1107.5.1.4.60320.30000016072823593314100002689,1.3.12.2.1107.5.1.4.60320.30000016072900171834200000026,DE  DE_CarotidAngio  1.0  D30f  A_140kV,A_140kV,H
2,1.3.12.2.1107.5.1.4.60320.30000016072823593314100002690,1.3.12.2.1107.5.1.4.60320.30000016072900171834200000026,DE  DE_CarotidAngio  1.0  D30f  B_80kV,B_80kV,L
3,1.3.12.2.1107.5.99.2.9594.30000016072913162160900000076,1.3.12.2.1107.5.1.4.60320.30000016072900171834200000026,<VRT Collection[1]>,,
4,1.3.12.2.1107.5.99.2.9594.30000016072913081812500000799,1.3.12.2.1107.5.1.4.60320.30000016072900171834200000026,DualEnergy BoneRemovalHead Suppressed #1,Suppressed,Suppressed
5,1.3.12.2.1107.5.99.2.9594.30000016072913162160900000029,1.3.12.2.1107.5.1.4.60320.30000016072900171834200000026,<MIP Collection>,,
6,1.3.12.2.1107.5.1.4.60320.30000017032100181661400009452,1.2.392.200046.100.14.20170320003131115,DE  DE_HeadAngio  1.0  D30f  M_0.3,M_0.3,Mix
7,1.3.12.2.1107.5.1.4.60320.30000017032023565187200001259,1.2.392.200046.100.14.20170320003131115,DE  DE_HeadAngio  1.0  D30f  A_140kV,A_140kV,H
8,1.3.12.2.1107.5.1.4.60320.30000017032023565187200001260,1.2.392.200046.100.14.20170320003131115,DE  DE_HeadAngio  1.0  D30f  B_80kV,B_80kV,L
9,1.3.12.2.1107.5.99.2.9594.30000017032112072820300000038,1.2.392.200046.100.14.20170320003131115,<MIP Collection>,,
10,1.3.12.2.1107.5.99.2.9594.30000017032111384964000000240,1.2.392.200046.100.14.20170320003131115,DualEnergy BoneRemovalHead Suppressed #1,Suppressed,Suppressed
11,1.3.12.2.1107.5.99.2.9594.30000017032112072820300000154,1.2.392.200046.100.14.20170320003131115,<VRT Collection>,,
12,1.3.12.2.1107.5.1.4.60320.30000018041900424177400056232,1.2.392.200046.100.14.20180419005916343,DE  DE_CarotidAngio  1.0  D30f  M_0.3,M_0.3,Mix
13,1.3.12.2.1107.5.1.4.60320.30000018041823432933500006187,1.2.392.200046.100.14.20180419005916343,DE  DE_CarotidAngio  1.0  D30f  A_140kV,A_140kV,H
14,1.3.12.2.1107.5.1.4.60320.30000018041823432933500006188,1.2.392.200046.100.14.20180419005916343,DE  DE_CarotidAngio  1.0  D30f  B_80kV,B_80kV,L
15,1.3.12.2.1107.5.99.2.9594.30000018041913171006200000789,1.2.392.200046.100.14.20180419005916343,<MIP Collection>,,
16,1.3.12.2.1107.5.99.2.9594.30000018041913171006200000803,1.2.392.200046.100.14.20180419005916343,<VRT Collection>,,
17,1.3.12.2.1107.5.1.4.60320.30000018031200101766700066396,1.3.12.2.1107.5.1.4.60320.30000018031200084097900000052,DE  DE_CarotidAngio  1.0  D30f  M_0.3,M_0.3,Mix
18,1.3.12.2.1107.5.1.4.60320.30000018031200010846400007354,1.3.12.2.1107.5.1.4.60320.30000018031200084097900000052,DE  DE_CarotidAngio  1.0  D30f  A_140kV,A_140kV,H
19,1.3.12.2.1107.5.1.4.60320.30000018031200010846400007355,1.3.12.2.1107.5.1.4.60320.30000018031200084097900000052,DE  DE_CarotidAngio  1.0  D30f  B_80kV,B_80kV,L
20,1.3.12.2.1107.5.99.2.9594.30000018030720533809300007311,1.3.12.2.1107.5.1.4.60320.30000018031200084097900000052,<MIP Collection>,,
21,1.3.12.2.1107.5.99.2.9594.30000018030720533809300007340,1.3.12.2.1107.5.1.4.60320.30000018031200084097900000052,<VRT Collection[1]>,,
22,1.3.12.2.1107.5.1.4.60320.30000018102200123835500007398,1.2.392.200046.100.14.2018102200028281,DE  DE_CarotidAngio  1.0  D30f  M_0.3,M_0.3,Mix
23,1.3.12.2.1107.5.1.4.60320.30000018102200042304700001031,1.2.392.200046.100.14.2018102200028281,DE  DE_CarotidAngio  1.0  D30f  A_140kV,A_140kV,H
24,1.3.12.2.1107.5.1.4.60320.30000018102200042304700001032,1.2.392.200046.100.14.2018102200028281,DE  DE_CarotidAngio  1.0  D30f  B_80kV,B_80kV,L
25,1.3.12.2.1107.5.99.2.9594.30000018102016543073400000114,1.2.392.200046.100.14.2018102200028281,<MIP Collection>,,
26,1.3.12.2.1107.5.99.2.9594.30000018102016543073400000128,1.2.392.200046.100.14.2018102200028281,<VRT Collection>,,
27,1.3.12.2.1107.5.1.4.60320.30000017040700160695400084644,1.2.392.200046.100.14.20170407005911903,DE  DE_CarotidAngio  1.0  D30f  M_0.3,M_0.3,Mix
28,1.3.12.2.1107.5.1.4.60320.30000017040623502230200010151,1.2.392.200046.100.14.20170407005911903,DE  DE_CarotidAngio  1.0  D30f  A_140kV,A_140kV,H
29,1.3.12.2.1107.5.1.4.60320.30000017040623502230200010152,1.2.392.200046.100.14.20170407005911903,DE  DE_CarotidAngio  1.0  D30f  B_80kV,B_80kV,L
30,1.3.12.2.1107.5.99.2.9594.30000017040615145732800003436,1.2.392.200046.100.14.20170407005911903,<VRT Collection>,,
31,1.3.12.2.1107.5.99.2.9594.30000017040615145732800003424,1.2.392.200046.100.14.20170407005911903,<MIP Collection>,,
32,1.3.12.2.1107.5.1.4.60320.30000019080623520355500001926,1.3.12.2.1107.5.1.4.60320.30000019080700011273300000007,DE  DE_CarotidAngio  1.0  D30f  A_140kV,A_140kV,H
33,1.3.12.2.1107.5.1.4.60320.30000019080623520355500001927,1.3.12.2.1107.5.1.4.60320.30000019080700011273300000007,DE  DE_CarotidAngio  1.0  D30f  B_80kV,B_80kV,L
34,1.3.12.2.1107.5.1.4.60320.30000019080700042591900014591,1.3.12.2.1107.5.1.4.60320.30000019080700011273300000007,DE  DE_CarotidAngio  1.0  D30f  M_0.3,M_0.3,Mix
35,1.3.12.2.1107.5.99.2.9594.30000019080810290210900001195,1.3.12.2.1107.5.1.4.60320.30000019080700011273300000007,<MIP Collection>,,
36,1.3.12.2.1107.5.99.2.9594.30000019080810290210900001227,1.3.12.2.1107.5.1.4.60320.30000019080700011273300000007,<VRT Collection>,,
37,1.3.12.2.1107.5.1.4.60320.30000016111902344876700008284,1.3.12.2.1107.5.1.4.60320.30000016111902334138300000016,DE  DE_CarotidAngio  1.0  D30f  M_0.3,M_0.3,Mix
38,1.3.12.2.1107.5.1.4.60320.30000016111901540873300002031,1.3.12.2.1107.5.1.4.60320.30000016111902334138300000016,DE  DE_CarotidAngio  1.0  D30f  A_140kV,A_140kV,H
39,1.3.12.2.1107.5.1.4.60320.30000016111901540873300002032,1.3.12.2.1107.5.1.4.60320.30000016111902334138300000016,DE  DE_CarotidAngio  1.0  D30f  B_80kV,B_80kV,L
40,1.3.12.2.1107.5.99.2.9594.30000016111214485101500005592,1.3.12.2.1107.5.1.4.60320.30000016111902334138300000016,<MIP Collection>,,
41,1.3.12.2.1107.5.99.2.9594.30000016111214485101500005633,1.3.12.2.1107.5.1.4.60320.30000016111902334138300000016,<VRT Collection>,,
42,1.3.12.2.1107.5.1.4.60320.30000016020200181279400001156,1.2.392.200046.100.14.20160201001015724,DE  DE_CarotidAngio  1.0  D30f  M_0.3,M_0.3,Mix
43,1.3.12.2.1107.5.1.4.60320.30000016020123595496100000092,1.2.392.200046.100.14.20160201001015724,DE  DE_CarotidAngio  1.0  D30f  A_140kV,A_140kV,H
44,1.3.12.2.1107.5.1.4.60320.30000016020123595496100000093,1.2.392.200046.100.14.20160201001015724,DE  DE_CarotidAngio  1.0  D30f  B_80kV,B_80kV,L
45,1.3.12.2.1107.5.99.2.9594.30000016013000214946800022498,1.2.392.200046.100.14.20160201001015724,<VRT Collection>,,
46,1.3.12.2.1107.5.99.2.9594.30000016013000214946800022493,1.2.392.200046.100.14.20160201001015724,<MIP Collection>,,
47,1.3.12.2.1107.5.1.4.60320.30000016030700205970300064388,1.3.12.2.1107.5.1.4.60320.30000016030700190113800000106,DE  DE_HeadAngio  1.0  D30f  M_0.3,M_0.3,Mix
48,1.3.12.2.1107.5.1.4.60320.30000016030623590927600005761,1.3.12.2.1107.5.1.4.60320.30000016030700190113800000106,DE  DE_HeadAngio  1.0  D30f  A_140kV,A_140kV,H
49,1.3.12.2.1107.5.1.4.60320.30000016030623590927600005762,1.3.12.2.1107.5.1.4.60320.30000016030700190113800000106,DE  DE_HeadAngio  1.0  D30f  B_80kV,B_80kV,L
50,1.3.12.2.1107.5.99.2.9594.30000016030116121429600033564,1.3.12.2.1107.5.1.4.60320.30000016030700190113800000106,<MIP Collection>,,
51,1.3.12.2.1107.5.99.2.9594.30000016030116121429600033578,1.3.12.2.1107.5.1.4.60320.30000016030700190113800000106,<VRT Collection>,,
52,1.3.12.2.1107.5.1.4.60320.30000016110200203244500034966,1.2.392.200046.100.14.20161102002618443,DE  DE_HeadAngio  1.0  D30f  M_0.3,M_0.3,Mix
53,1.3.12.2.1107.5.1.4.60320.30000016110200043704800003412,1.2.392.200046.100.14.20161102002618443,DE  DE_HeadAngio  1.0  D30f  A_140kV,A_140kV,H
54,1.3.12.2.1107.5.1.4.60320.30000016110200043704800003413,1.2.392.200046.100.14.20161102002618443,DE  DE_HeadAngio  1.0  D30f  B_80kV,B_80kV,L
55,1.3.12.2.1107.5.99.2.9594.30000016102818091546800014583,1.2.392.200046.100.14.20161102002618443,<VRT Collection>,,
56,1.3.12.2.1107.5.99.2.9594.30000016102818091546800014568,1.2.392.200046.100.14.20161102002618443,<MIP Collection>,,
57,1.3.12.2.1107.5.1.4.60320.30000019032123421973400010549,1.2.392.200046.100.14.20190321034528103,DE  DE_CarotidAngio  1.0  D30f  A_140kV,A_140kV,H
58,1.3.12.2.1107.5.1.4.60320.30000019032123421973400010550,1.2.392.200046.100.14.20190321034528103,DE  DE_CarotidAngio  1.0  D30f  B_80kV,B_80kV,L
59,1.3.12.2.1107.5.1.4.60320.30000019032200072373500097547,1.2.392.200046.100.14.20190321034528103,DE  DE_CarotidAngio  1.0  D30f  M_0.3,M_0.3,Mix
60,1.3.12.2.1107.5.99.2.9594.30000019032110250810900002239,1.2.392.200046.100.14.20190321034528103,<VRT Collection>,,
61,1.3.12.2.1107.5.99.2.9594.30000019032110250810900002206,1.2.392.200046.100.14.20190321034528103,<MIP Collection>,,
62,1.3.12.2.1107.5.1.4.60320.30000016082400172287000037318,1.3.12.2.1107.5.1.4.60320.30000016082400152022200000029,DE  DE_HeadAngio  1.0  D30f  M_0.3,M_0.3,Mix
63,1.3.12.2.1107.5.1.4.60320.30000016082323523702600004526,1.3.12.2.1107.5.1.4.60320.30000016082400152022200000029,DE  DE_HeadAngio  1.0  D30f  A_140kV,A_140kV,H
64,1.3.12.2.1107.5.1.4.60320.30000016082323523702600004527,1.3.12.2.1107.5.1.4.60320.30000016082400152022200000029,DE  DE_HeadAngio  1.0  D30f  B_80kV,B_80kV,L
65,1.3.12.2.1107.5.99.2.9594.30000016082413380307800001269,1.3.12.2.1107.5.1.4.60320.30000016082400152022200000029,<VRT Collection>,,
66,1.3.12.2.1107.5.99.2.9594.30000016082413380307800001233,1.3.12.2.1107.5.1.4.60320.30000016082400152022200000029,<MIP Collection>,,
67,1.3.12.2.1107.5.1.4.60320.30000018101700170124300092514,1.2.392.200046.100.14.20181017005827621,DE  DE_CarotidAngio  1.0  D30f  M_0.3,M_0.3,Mix
68,1.3.12.2.1107.5.1.4.60320.30000018101623535580200010428,1.2.392.200046.100.14.20181017005827621,DE  DE_CarotidAngio  1.0  D30f  A_140kV,A_140kV,H
69,1.3.12.2.1107.5.1.4.60320.30000018101623535580200010429,1.2.392.200046.100.14.20181017005827621,DE  DE_CarotidAngio  1.0  D30f  B_80kV,B_80kV,L
70,1.3.12.2.1107.5.99.2.9594.30000018101817420531200000128,1.2.392.200046.100.14.20181017005827621,DualEnergy BoneRemovalHead Suppressed #1,Suppressed,Suppressed
71,1.3.12.2.1107.5.99.2.9594.30000018101709475600000003272,1.2.392.200046.100.14.20181017005827621,<MIP Collection>,,
72,1.3.12.2.1107.5.99.2.9594.30000018101709475600000003305,1.2.392.200046.100.14.20181017005827621,<VRT Collection>,,
73,1.3.12.2.1107.5.1.4.60320.30000017061200151180200073382,1.2.392.200046.100.14.2017061200606477,DE  DE_HeadAngio  1.0  D30f  M_0.3,M_0.3,Mix
74,1.3.12.2.1107.5.1.4.60320.30000017061123283814400008989,1.2.392.200046.100.14.2017061200606477,DE  DE_HeadAngio  1.0  D30f  A_140kV,A_140kV,H
75,1.3.12.2.1107.5.1.4.60320.30000017061123283814400008990,1.2.392.200046.100.14.2017061200606477,DE  DE_HeadAngio  1.0  D30f  B_80kV,B_80kV,L
76,1.3.12.2.1107.5.99.2.9594.30000017061215174331200000331,1.2.392.200046.100.14.2017061200606477,<VRT Collection>,,
77,1.3.12.2.1107.5.99.2.9594.30000017061215174331200000317,1.2.392.200046.100.14.2017061200606477,<MIP Collection>,,
78,1.3.12.2.1107.5.1.4.60320.30000019071223585119600000765,1.2.392.200046.100.14.2019071300476422,DE  DE_CarotidAngio  1.0  D30f  A_140kV,A_140kV,H
79,1.3.12.2.1107.5.1.4.60320.30000019071223585119600000766,1.2.392.200046.100.14.2019071300476422,DE  DE_CarotidAngio  1.0  D30f  B_80kV,B_80kV,L
80,1.3.12.2.1107.5.1.4.60320.30000019071300262646200005871,1.2.392.200046.100.14.2019071300476422,DE  DE_CarotidAngio  1.0  D30f  M_0.3,M_0.3,Mix
81,1.3.12.2.1107.5.99.2.9594.30000019071408265404600000011,1.2.392.200046.100.14.2019071300476422,<MIP Collection>,,
82,1.3.12.2.1107.5.99.2.9594.30000019071408265404600000040,1.2.392.200046.100.14.2019071300476422,<VRT Collection>,,
83,1.3.12.2.1107.5.1.4.60320.30000016062500152998800012332,1.3.12.2.1107.5.1.4.60320.30000016062500121872600000018,DE  DE_HeadAngio  1.0  D30f  M_0.3,M_0.3,Mix
84,1.3.12.2.1107.5.1.4.60320.30000016062423513979500001912,1.3.12.2.1107.5.1.4.60320.30000016062500121872600000018,DE  DE_HeadAngio  1.0  D30f  A_140kV,A_140kV,H
85,1.3.12.2.1107.5.1.4.60320.30000016062423513979500001913,1.3.12.2.1107.5.1.4.60320.30000016062500121872600000018,DE  DE_HeadAngio  1.0  D30f  B_80kV,B_80kV,L
86,1.3.12.2.1107.5.1.4.60320.30000016062501154331200000135,1.3.12.2.1107.5.1.4.60320.30000016062500121872600000018,<MIP Collection>,,
87,1.3.12.2.1107.5.1.4.60320.30000016062509222008200000025,1.3.12.2.1107.5.1.4.60320.30000016062500121872600000018,<VRT Collection>,,
88,1.3.12.2.1107.5.1.4.60320.30000019041523213300700012573,1.2.392.200046.100.14.20190416017413053,DE  DE_CarotidAngio  1.0  D30f  A_140kV,A_140kV,H
89,1.3.12.2.1107.5.1.4.60320.30000019041523213300700012574,1.2.392.200046.100.14.20190416017413053,DE  DE_CarotidAngio  1.0  D30f  B_80kV,B_80kV,L
90,1.3.12.2.1107.5.1.4.60320.30000019041600002309300098559,1.2.392.200046.100.14.20190416017413053,DE  DE_CarotidAngio  1.0  D30f  M_0.3,M_0.3,Mix
91,1.3.12.2.1107.5.1.4.60320.30000016040900180160000021350,1.2.392.200046.100.14.20160408005129972,DE  DE_CarotidAngio  1.0  D30f  M_0.3,M_0.3,Mix
92,1.3.12.2.1107.5.1.4.60320.30000016040823521220500002605,1.2.392.200046.100.14.20160408005129972,DE  DE_CarotidAngio  1.0  D30f  A_140kV,A_140kV,H
93,1.3.12.2.1107.5.1.4.60320.30000016040823521220500002606,1.2.392.200046.100.14.20160408005129972,DE  DE_CarotidAngio  1.0  D30f  B_80kV,B_80kV,L
94,1.3.12.2.1107.5.99.2.9594.30000016040823144126500004946,1.2.392.200046.100.14.20160408005129972,DualEnergy BoneRemovalHead Suppressed #1,Suppressed,Suppressed
95,1.3.12.2.1107.5.99.2.9594.30000016040713263529600018993,1.2.392.200046.100.14.20160408005129972,<MIP Collection>,,
96,1.3.12.2.1107.5.99.2.9594.30000016040713263529600019071,1.2.392.200046.100.14.20160408005129972,<VRT Collection>,,
97,1.3.12.2.1107.5.1.4.60320.30000019050423473929400008496,1.2.392.200046.100.14.20190505015817095,DE  DE_CarotidAngio  1.0  D30f  A_140kV,A_140kV,H
98,1.3.12.2.1107.5.1.4.60320.30000019050423473929400008497,1.2.392.200046.100.14.20190505015817095,DE  DE_CarotidAngio  1.0  D30f  B_80kV,B_80kV,L
99,1.3.12.2.1107.5.1.4.60320.30000019050500004501700067356,1.2.392.200046.100.14.20190505015817095,DE  DE_CarotidAngio  1.0  D30f  M_0.3,M_0.3,Mix
100,1.3.12.2.1107.5.99.2.9594.30000019042916441620300004106,1.2.392.200046.100.14.20190505015817095,DualEnergy BoneRemovalHead Suppressed #1,Suppressed,Suppressed
101,1.3.12.2.1107.5.99.2.9594.30000019042917565662500005009,1.2.392.200046.100.14.20190505015817095,<VRT Collection>,,
102,1.3.12.2.1107.5.99.2.9594.30000019042917565662500004973,1.2.392.200046.100.14.20190505015817095,<MIP Collection>,,
103,1.3.12.2.1107.5.1.4.60320.30000016030700205970300000897,1.2.392.200046.100.14.20160305000411478,DE  DE_CarotidAngio  1.0  D30f  M_0.3,M_0.3,Mix
104,1.3.12.2.1107.5.1.4.60320.30000016030623590927600000081,1.2.392.200046.100.14.20160305000411478,DE  DE_CarotidAngio  1.0  D30f  A_140kV,A_140kV,H
105,1.3.12.2.1107.5.1.4.60320.30000016030623590927600000082,1.2.392.200046.100.14.20160305000411478,DE  DE_CarotidAngio  1.0  D30f  B_80kV,B_80kV,L
106,1.3.12.2.1107.5.99.2.9594.30000016030116121429600032683,1.2.392.200046.100.14.20160305000411478,<VRT Collection>,,
107,1.3.12.2.1107.5.99.2.9594.30000016030116121429600032645,1.2.392.200046.100.14.20160305000411478,<MIP Collection>,,
108,1.3.12.2.1107.5.1.4.60320.30000019032823581634300007722,1.2.392.200046.100.14.2019032801103396,DE  DE_CarotidAngio  1.0  D30f  A_140kV,A_140kV,H
109,1.3.12.2.1107.5.1.4.60320.30000019032823581634300007723,1.2.392.200046.100.14.2019032801103396,DE  DE_CarotidAngio  1.0  D30f  B_80kV,B_80kV,L
110,1.3.12.2.1107.5.1.4.60320.30000019032900192473800064795,1.2.392.200046.100.14.2019032801103396,DE  DE_CarotidAngio  1.0  D30f  M_0.3,M_0.3,Mix
111,1.3.12.2.1107.5.99.2.9594.30000019033006515348400000322,1.2.392.200046.100.14.2019032801103396,<MIP Collection>,,
112,1.3.12.2.1107.5.99.2.9594.30000019033006515348400000337,1.2.392.200046.100.14.2019032801103396,<VRT Collection>,,
113,1.3.12.2.1107.5.1.4.60320.30000016052400144586800071154,1.2.392.200046.100.14.20160524003621313,DE  DE_CarotidAngio  1.0  D30f  M_0.3,M_0.3,Mix
114,1.3.12.2.1107.5.1.4.60320.30000016052323552111300007542,1.2.392.200046.100.14.20160524003621313,DE  DE_CarotidAngio  1.0  D30f  A_140kV,A_140kV,H
115,1.3.12.2.1107.5.1.4.60320.30000016052323552111300007543,1.2.392.200046.100.14.20160524003621313,DE  DE_CarotidAngio  1.0  D30f  B_80kV,B_80kV,L
116,1.3.12.2.1107.5.99.2.9594.30000016052312171665600027334,1.2.392.200046.100.14.20160524003621313,<VRT Collection>,,
117,1.3.12.2.1107.5.99.2.9594.30000016052312171665600027329,1.2.392.200046.100.14.20160524003621313,<MIP Collection>,,
118,1.3.12.2.1107.5.1.4.60320.30000018080900425567900043963,1.2.392.200046.100.14.20180806007720426,DE  DE_CarotidAngio  1.0  D30f  M_0.3,M_0.3,Mix
119,1.3.12.2.1107.5.1.4.60320.30000018080823343925300004967,1.2.392.200046.100.14.20180806007720426,DE  DE_CarotidAngio  1.0  D30f  A_140kV,A_140kV,H
120,1.3.12.2.1107.5.1.4.60320.30000018080823343925300004968,1.2.392.200046.100.14.20180806007720426,DE  DE_CarotidAngio  1.0  D30f  B_80kV,B_80kV,L
121,1.3.12.2.1107.5.99.2.9594.30000018080814082309300000357,1.2.392.200046.100.14.20180806007720426,<VRT Collection>,,
122,1.3.12.2.1107.5.99.2.9594.30000018080814082309300000343,1.2.392.200046.100.14.20180806007720426,<MIP Collection>,,
123,1.3.12.2.1107.5.1.4.60320.30000016032900154409800040435,1.2.392.200046.100.14.20160329001612181,DE  DE_CarotidAngio  1.0  D30f  M_0.3,M_0.3,Mix
124,1.3.12.2.1107.5.1.4.60320.30000016032823563931700003718,1.2.392.200046.100.14.20160329001612181,DE  DE_CarotidAngio  1.0  D30f  A_140kV,A_140kV,H
125,1.3.12.2.1107.5.1.4.60320.30000016032823563931700003719,1.2.392.200046.100.14.20160329001612181,DE  DE_CarotidAngio  1.0  D30f  B_80kV,B_80kV,L
126,1.3.12.2.1107.5.99.2.9594.30000016032912005728100000966,1.2.392.200046.100.14.20160329001612181,<MIP Collection>,,
127,1.3.12.2.1107.5.99.2.9594.30000016032912005728100000971,1.2.392.200046.100.14.20160329001612181,<VRT Collection>,,
128,1.3.12.2.1107.5.1.4.60320.30000018101600140287000080414,1.3.12.2.1107.5.1.4.60320.30000018101600120168700000057,DE  DE_CarotidAngio  1.0  D30f  M_0.3,M_0.3,Mix
129,1.3.12.2.1107.5.1.4.60320.30000018101523533434800008908,1.3.12.2.1107.5.1.4.60320.30000018101600120168700000057,DE  DE_CarotidAngio  1.0  D30f  A_140kV,A_140kV,H
130,1.3.12.2.1107.5.1.4.60320.30000018101523533434800008909,1.3.12.2.1107.5.1.4.60320.30000018101600120168700000057,DE  DE_CarotidAngio  1.0  D30f  B_80kV,B_80kV,L
131,1.3.12.2.1107.5.99.2.9594.30000018101709475600000001394,1.3.12.2.1107.5.1.4.60320.30000018101600120168700000057,<VRT Collection>,,
132,1.3.12.2.1107.5.99.2.9594.30000018101709475600000001349,1.3.12.2.1107.5.1.4.60320.30000018101600120168700000057,<MIP Collection>,,
133,1.3.12.2.1107.5.1.4.60320.30000019040123443159500003060,1.2.392.200046.100.14.20190401064814798,DE  DE_CarotidAngio  1.0  D30f  A_140kV,A_140kV,H
134,1.3.12.2.1107.5.1.4.60320.30000019040123443159500003061,1.2.392.200046.100.14.20190401064814798,DE  DE_CarotidAngio  1.0  D30f  B_80kV,B_80kV,L
135,1.3.12.2.1107.5.1.4.60320.30000019040200342661700024315,1.2.392.200046.100.14.20190401064814798,DE  DE_CarotidAngio  1.0  D30f  M_0.3,M_0.3,Mix
136,1.3.12.2.1107.5.99.2.9594.30000019033013292326500013126,1.2.392.200046.100.14.20190401064814798,DualEnergy BoneRemovalHead Suppressed #1,Suppressed,Suppressed
137,1.3.12.2.1107.5.99.2.9594.30000019033006515348400001862,1.2.392.200046.100.14.20190401064814798,<VRT Collection>,,
138,1.3.12.2.1107.5.99.2.9594.30000019033006515348400001875,1.2.392.200046.100.14.20190401064814798,<MIP Collection>,,
139,1.3.12.2.1107.5.1.4.60320.30000019030423452550700008096,1.2.392.200046.100.14.2019030401047741,DE  DE_CarotidAngio  1.0  D30f  A_140kV,A_140kV,H
140,1.3.12.2.1107.5.1.4.60320.30000019030423452550700008097,1.2.392.200046.100.14.2019030401047741,DE  DE_CarotidAngio  1.0  D30f  B_80kV,B_80kV,L
141,1.3.12.2.1107.5.1.4.60320.30000019030500124582000062194,1.2.392.200046.100.14.2019030401047741,DE  DE_CarotidAngio  1.0  D30f  M_0.3,M_0.3,Mix
142,1.2.840.113619.2.80.2811036266.114005.1551724081.1.5.1,1.2.392.200046.100.14.2019030401047741,Filtered image : Smooth 3D+ - Processed Images,,
143,1.2.840.113619.2.80.2811036266.114005.1551724176.15.7.1,1.2.392.200046.100.14.2019030401047741,Processed Images,,
144,1.3.12.2.1107.5.1.4.60320.30000017082200191416900071664,1.2.392.200046.100.14.20170822001720315,DE  DE_CarotidAngio  1.0  D30f  M_0.3,M_0.3,Mix
145,1.3.12.2.1107.5.1.4.60320.30000017082200020681500009452,1.2.392.200046.100.14.20170822001720315,DE  DE_CarotidAngio  1.0  D30f  A_140kV,A_140kV,H
146,1.3.12.2.1107.5.1.4.60320.30000017082200020681500009453,1.2.392.200046.100.14.20170822001720315,DE  DE_CarotidAngio  1.0  D30f  B_80kV,B_80kV,L
147,1.3.12.2.1107.5.99.2.9594.30000017082120352509300001656,1.2.392.200046.100.14.20170822001720315,<VRT Collection>,,
148,1.3.12.2.1107.5.99.2.9594.30000017082120352509300001627,1.2.392.200046.100.14.20170822001720315,<MIP Collection>,,
149,1.3.12.2.1107.5.1.4.60320.30000017111600252134200033941,1.2.392.200046.100.14.20171116000528692,DE  DE_CarotidAngio  1.0  D30f  M_0.3,M_0.3,Mix
150,1.3.12.2.1107.5.1.4.60320.30000017111523321329300004685,1.2.392.200046.100.14.20171116000528692,DE  DE_CarotidAngio  1.0  D30f  A_140kV,A_140kV,H
151,1.3.12.2.1107.5.1.4.60320.30000017111523321329300004686,1.2.392.200046.100.14.20171116000528692,DE  DE_CarotidAngio  1.0  D30f  B_80kV,B_80kV,L
152,1.3.12.2.1107.5.99.2.9594.30000017111600033526500000471,1.2.392.200046.100.14.20171116000528692,<VRT Collection>,,
153,1.3.12.2.1107.5.99.2.9594.30000017111600033526500000463,1.2.392.200046.100.14.20171116000528692,<MIP Collection>,,
154,1.3.12.2.1107.5.1.4.60320.30000018110100372970700056429,1.2.392.200046.100.14.2018110100671131,DE  DE_CarotidAngio  1.0  D30f  M_0.3,M_0.3,Mix
155,1.3.12.2.1107.5.1.4.60320.30000018103123523165800006742,1.2.392.200046.100.14.2018110100671131,DE  DE_CarotidAngio  1.0  D30f  A_140kV,A_140kV,H
156,1.3.12.2.1107.5.1.4.60320.30000018103123523165800006743,1.2.392.200046.100.14.2018110100671131,DE  DE_CarotidAngio  1.0  D30f  B_80kV,B_80kV,L
157,1.3.12.2.1107.5.99.2.9594.30000018103018313640600001747,1.2.392.200046.100.14.2018110100671131,<VRT Collection>,,
158,1.3.12.2.1107.5.99.2.9594.30000018103018313640600001733,1.2.392.200046.100.14.2018110100671131,<MIP Collection>,,
159,1.3.12.2.1107.5.1.4.60320.30000018031300114802100101706,1.2.392.200046.100.14.20180313005121119,DE  DE_CarotidAngio  1.0  D30f  M_0.3,M_0.3,Mix
160,1.3.12.2.1107.5.1.4.60320.30000018031223445191400011758,1.2.392.200046.100.14.20180313005121119,DE  DE_CarotidAngio  1.0  D30f  A_140kV,A_140kV,H
161,1.3.12.2.1107.5.1.4.60320.30000018031223445191400011759,1.2.392.200046.100.14.20180313005121119,DE  DE_CarotidAngio  1.0  D30f  B_80kV,B_80kV,L
162,1.3.12.2.1107.5.99.2.9594.30000018030720533809300008450,1.2.392.200046.100.14.20180313005121119,<VRT Collection>,,
163,1.3.12.2.1107.5.99.2.9594.30000018030720533809300008397,1.2.392.200046.100.14.20180313005121119,<MIP Collection>,,
164,1.3.12.2.1107.5.1.4.60320.30000016081200232940000046192,1.3.12.2.1107.5.1.4.60320.30000016081200204417000000060,DE  DE_CarotidAngio  1.0  D30f  M_0.3,M_0.3,Mix
165,1.3.12.2.1107.5.1.4.60320.30000016081200101021700004914,1.3.12.2.1107.5.1.4.60320.30000016081200204417000000060,DE  DE_CarotidAngio  1.0  D30f  A_140kV,A_140kV,H
166,1.3.12.2.1107.5.1.4.60320.30000016081200101021700004915,1.3.12.2.1107.5.1.4.60320.30000016081200204417000000060,DE  DE_CarotidAngio  1.0  D30f  B_80kV,B_80kV,L
167,1.3.12.2.1107.5.99.2.9594.30000016081221345246800000420,1.3.12.2.1107.5.1.4.60320.30000016081200204417000000060,<VRT Collection>,,
168,1.3.12.2.1107.5.99.2.9594.30000016081221345246800000393,1.3.12.2.1107.5.1.4.60320.30000016081200204417000000060,<MIP Collection>,,
169,1.3.12.2.1107.5.1.4.60320.30000018062700173397900065310,1.2.392.200046.100.14.20180626005613330,DE  DE_HeadAngio  1.0  D30f  M_0.3,M_0.3,Mix
170,1.3.12.2.1107.5.1.4.60320.30000018062623330393900006939,1.2.392.200046.100.14.20180626005613330,DE  DE_HeadAngio  1.0  D30f  A_140kV,A_140kV,H
171,1.3.12.2.1107.5.1.4.60320.30000018062623330393900006940,1.2.392.200046.100.14.20180626005613330,DE  DE_HeadAngio  1.0  D30f  B_80kV,B_80kV,L
172,1.3.12.2.1107.5.99.2.9594.30000018061513222275000009399,1.2.392.200046.100.14.20180626005613330,<MIP Collection>,,
173,1.3.12.2.1107.5.99.2.9594.30000018061513222275000009431,1.2.392.200046.100.14.20180626005613330,<VRT Collection>,,
174,1.3.12.2.1107.5.1.4.60320.30000016070200174504200019301,1.2.392.200046.100.14.2016070200022303,DE  DE_HeadAngio  1.0  D30f  M_0.3,M_0.3,Mix
175,1.3.12.2.1107.5.1.4.60320.30000016070123512646500002622,1.2.392.200046.100.14.2016070200022303,DE  DE_HeadAngio  1.0  D30f  A_140kV,A_140kV,H
176,1.3.12.2.1107.5.1.4.60320.30000016070123512646500002623,1.2.392.200046.100.14.2016070200022303,DE  DE_HeadAngio  1.0  D30f  B_80kV,B_80kV,L
177,1.3.12.2.1107.5.99.2.9594.30000016070315281664000000077,1.2.392.200046.100.14.2016070200022303,<VRT Collection>,,
178,1.3.12.2.1107.5.99.2.9594.30000016070315281664000000047,1.2.392.200046.100.14.2016070200022303,<MIP Collection>,,
179,1.3.12.2.1107.5.1.4.60320.30000019041723074501600010271,1.2.392.200046.100.14.2019041702534229,DE  DE_CarotidAngio  1.0  D30f  A_140kV,A_140kV,H
180,1.3.12.2.1107.5.1.4.60320.30000019041723074501600010272,1.2.392.200046.100.14.2019041702534229,DE  DE_CarotidAngio  1.0  D30f  B_80kV,B_80kV,L
181,1.3.12.2.1107.5.1.4.60320.30000019041800341521100084443,1.2.392.200046.100.14.2019041702534229,DE  DE_CarotidAngio  1.0  D30f  M_0.3,M_0.3,Mix
182,1.3.12.2.1107.5.99.2.9594.30000019041707531157800002729,1.2.392.200046.100.14.2019041702534229,<MIP Collection>,,
183,1.3.12.2.1107.5.99.2.9594.30000019041707531157800002761,1.2.392.200046.100.14.2019041702534229,<VRT Collection>,,
184,1.3.12.2.1107.5.1.4.60320.30000019033123590793500008218,1.2.392.200046.100.14.2019033001682144,DE  DE_CarotidAngio  1.0  D30f  A_140kV,A_140kV,H
185,1.3.12.2.1107.5.1.4.60320.30000019033123590793500008219,1.2.392.200046.100.14.2019033001682144,DE  DE_CarotidAngio  1.0  D30f  B_80kV,B_80kV,L
186,1.3.12.2.1107.5.1.4.60320.30000019040100214216300073189,1.2.392.200046.100.14.2019033001682144,DE  DE_CarotidAngio  1.0  D30f  M_0.3,M_0.3,Mix
187,1.3.12.2.1107.5.99.2.9594.30000019033006515348400001260,1.2.392.200046.100.14.2019033001682144,<MIP Collection>,,
188,1.3.12.2.1107.5.99.2.9594.30000019033006515348400001274,1.2.392.200046.100.14.2019033001682144,<VRT Collection>,,
189,1.3.12.2.1107.5.99.2.9594.30000017042622232735900000128,1.2.392.200046.100.14.20170426006823826,DualEnergy BoneRemovalHead Suppressed #1,Suppressed,Suppressed
190,1.3.12.2.1107.5.1.4.60320.30000017042523141054200010495,1.2.392.200046.100.14.20170426006823826,DE  DE_HeadAngio  1.0  D30f  B_80kV,B_80kV,L
191,1.3.12.2.1107.5.1.4.60320.30000017042600120307400101701,1.2.392.200046.100.14.20170426006823826,DE  DE_HeadAngio  1.0  D30f  M_0.3,M_0.3,Mix
192,1.3.12.2.1107.5.99.2.9594.30000017042622221739000000091,1.2.392.200046.100.14.20170426006823826,<VRT Collection>,,
193,1.3.12.2.1107.5.99.2.9594.30000017042622221739000000038,1.2.392.200046.100.14.20170426006823826,<MIP Collection>,,
194,1.3.12.2.1107.5.1.4.60320.30000017022300580230600037392,1.2.392.200046.100.14.20170223001723195,DE  DE_HeadAngio  1.0  D30f  M_0.3,M_0.3,Mix
195,1.3.12.2.1107.5.1.4.60320.30000017022300044552300004795,1.2.392.200046.100.14.20170223001723195,DE  DE_HeadAngio  1.0  D30f  A_140kV,A_140kV,H
196,1.3.12.2.1107.5.1.4.60320.30000017022300044552300004796,1.2.392.200046.100.14.20170223001723195,DE  DE_HeadAngio  1.0  D30f  B_80kV,B_80kV,L
197,1.3.12.2.1107.5.99.2.9594.30000017022118234335900001975,1.2.392.200046.100.14.20170223001723195,<VRT Collection>,,
198,1.3.12.2.1107.5.99.2.9594.30000017022118234335900001970,1.2.392.200046.100.14.20170223001723195,<MIP Collection>,,
199,1.3.12.2.1107.5.1.4.60320.30000016062800163848100043413,1.2.392.200046.100.14.20160627001717223,DE  DE_CarotidAngio  1.0  D30f  M_0.3,M_0.3,Mix
200,1.3.12.2.1107.5.1.4.60320.30000016062723473404400004869,1.2.392.200046.100.14.20160627001717223,DE  DE_CarotidAngio  1.0  D30f  A_140kV,A_140kV,H
201,1.3.12.2.1107.5.1.4.60320.30000016062723473404400004870,1.2.392.200046.100.14.20160627001717223,DE  DE_CarotidAngio  1.0  D30f  B_80kV,B_80kV,L
202,1.3.12.2.1107.5.99.2.9594.30000016062720425771800002735,1.2.392.200046.100.14.20160627001717223,<VRT Collection>,,
203,1.3.12.2.1107.5.99.2.9594.30000016062720425771800002703,1.2.392.200046.100.14.20160627001717223,<MIP Collection>,,
204,1.3.12.2.1107.5.1.4.60320.30000017110100163680900076209,1.2.392.200046.100.14.2017110100548714,DE  DE_CarotidAngio  1.0  D30f  M_0.3,M_0.3,Mix
205,1.3.12.2.1107.5.1.4.60320.30000017103123473672600009338,1.2.392.200046.100.14.2017110100548714,DE  DE_CarotidAngio  1.0  D30f  A_140kV,A_140kV,H
206,1.3.12.2.1107.5.1.4.60320.30000017103123473672600009339,1.2.392.200046.100.14.2017110100548714,DE  DE_CarotidAngio  1.0  D30f  B_80kV,B_80kV,L
207,1.3.12.2.1107.5.99.2.9594.30000017103117392264000002269,1.2.392.200046.100.14.2017110100548714,<MIP Collection>,,
208,1.3.12.2.1107.5.99.2.9594.30000017103117392264000002274,1.2.392.200046.100.14.2017110100548714,<VRT Collection>,,
209,1.3.12.2.1107.5.1.4.60320.30000016041500130195800033661,1.2.392.200046.100.14.2016041400151626,DE  DE_HeadAngio  1.0  D30f  M_0.3,M_0.3,Mix
210,1.3.12.2.1107.5.1.4.60320.30000016041423522031800003533,1.2.392.200046.100.14.2016041400151626,DE  DE_HeadAngio  1.0  D30f  A_140kV,A_140kV,H
211,1.3.12.2.1107.5.1.4.60320.30000016041423522031800003534,1.2.392.200046.100.14.2016041400151626,DE  DE_HeadAngio  1.0  D30f  B_80kV,B_80kV,L
212,1.3.12.2.1107.5.99.2.9594.30000016041514035664000003412,1.2.392.200046.100.14.2016041400151626,DualEnergy BoneRemovalHead Suppressed #1,Suppressed,Suppressed
213,1.3.12.2.1107.5.99.2.9594.30000016041421203176500002633,1.2.392.200046.100.14.2016041400151626,<VRT Collection>,,
214,1.3.12.2.1107.5.99.2.9594.30000016041421203176500002579,1.2.392.200046.100.14.2016041400151626,<MIP Collection>,,
215,1.3.12.2.1107.5.1.4.60320.30000019031023375105900009434,1.2.392.200046.100.14.20190308041430104,DE  DE_CarotidAngio  1.0  D30f  A_140kV,A_140kV,H
216,1.3.12.2.1107.5.1.4.60320.30000019031023375105900009435,1.2.392.200046.100.14.20190308041430104,DE  DE_CarotidAngio  1.0  D30f  B_80kV,B_80kV,L
217,1.3.12.2.1107.5.1.4.60320.30000019031100095198100085837,1.2.392.200046.100.14.20190308041430104,DE  DE_CarotidAngio  1.0  D30f  M_0.3,M_0.3,Mix
218,1.3.12.2.1107.5.99.2.9594.30000019031306540739000000249,1.2.392.200046.100.14.20190308041430104,<MIP Collection>,,
219,1.3.12.2.1107.5.99.2.9594.30000019031306540739000000287,1.2.392.200046.100.14.20190308041430104,<VRT Collection>,,
220,1.3.12.2.1107.5.1.4.60320.30000016042623315844900022573,1.2.392.200046.100.14.20160426001922888,DE  DE_CarotidAngio  1.0  D30f  M_0.3,M_0.3,Mix
221,1.3.12.2.1107.5.1.4.60320.30000016042623303502600002528,1.2.392.200046.100.14.20160426001922888,DE  DE_CarotidAngio  1.0  D30f  A_140kV,A_140kV,H
222,1.3.12.2.1107.5.1.4.60320.30000016042623303502600002529,1.2.392.200046.100.14.20160426001922888,DE  DE_CarotidAngio  1.0  D30f  B_80kV,B_80kV,L
223,1.3.12.2.1107.5.1.4.60320.30020116042700010493600006354,1.2.392.200046.100.14.20160426001922888,<MIP Collection>,,
224,1.3.12.2.1107.5.99.2.9594.30000016042715412376500000294,1.2.392.200046.100.14.20160426001922888,DualEnergy BoneRemovalHead Suppressed #1,Suppressed,Suppressed
225,1.3.12.2.1107.5.1.4.60320.30020116042700010493600006410,1.2.392.200046.100.14.20160426001922888,<VRT Collection>,,
226,1.3.12.2.1107.5.1.4.60320.30000016061200162085600054094,1.2.392.200046.100.14.20160612001525898,DE  DE_CarotidAngio  1.0  D30f  M_0.3,M_0.3,Mix
227,1.3.12.2.1107.5.1.4.60320.30000016061123504220200006408,1.2.392.200046.100.14.20160612001525898,DE  DE_CarotidAngio  1.0  D30f  A_140kV,A_140kV,H
228,1.3.12.2.1107.5.1.4.60320.30000016061123504220200006409,1.2.392.200046.100.14.20160612001525898,DE  DE_CarotidAngio  1.0  D30f  B_80kV,B_80kV,L
229,1.3.12.2.1107.5.99.2.9594.30000016061213173531200000769,1.2.392.200046.100.14.20160612001525898,<VRT Collection>,,
230,1.3.12.2.1107.5.99.2.9594.30000016061213173531200000756,1.2.392.200046.100.14.20160612001525898,<MIP Collection>,,
231,1.3.12.2.1107.5.1.4.60320.30000019070423481065000009134,1.2.392.200046.100.14.20190705045319161,DE  DE_CarotidAngio  1.0  D30f  A_140kV,A_140kV,H
232,1.3.12.2.1107.5.1.4.60320.30000019070423481065000009135,1.2.392.200046.100.14.20190705045319161,DE  DE_CarotidAngio  1.0  D30f  B_80kV,B_80kV,L
233,1.3.12.2.1107.5.1.4.60320.30000019070500044743700075212,1.2.392.200046.100.14.20190705045319161,DE  DE_CarotidAngio  1.0  D30f  M_0.3,M_0.3,Mix
234,1.3.12.2.1107.5.99.2.9594.30000019070609220185900000922,1.2.392.200046.100.14.20190705045319161,<VRT Collection>,,
235,1.3.12.2.1107.5.99.2.9594.30000019070609220185900000904,1.2.392.200046.100.14.20190705045319161,<MIP Collection>,,
236,1.3.12.2.1107.5.1.4.60320.30000017032700385980300018662,1.2.392.200046.100.14.20170327000827350,DE  DE_CarotidAngio  1.0  D30f  M_0.3,M_0.3,Mix
237,1.3.12.2.1107.5.1.4.60320.30000017032700160342900002321,1.2.392.200046.100.14.20170327000827350,DE  DE_CarotidAngio  1.0  D30f  A_140kV,A_140kV,H
238,1.3.12.2.1107.5.1.4.60320.30000017032700160342900002322,1.2.392.200046.100.14.20170327000827350,DE  DE_CarotidAngio  1.0  D30f  B_80kV,B_80kV,L
239,1.3.12.2.1107.5.99.2.9594.30000017032712561062500000137,1.2.392.200046.100.14.20170327000827350,<VRT Collection>,,
240,1.3.12.2.1107.5.99.2.9594.30000017032712561062500000105,1.2.392.200046.100.14.20170327000827350,<MIP Collection>,,
241,1.3.12.2.1107.5.1.4.60320.30000018033000151959700044739,1.2.392.200046.100.14.20180329005722867,DE  DE_CarotidAngio  1.0  D30f  M_0.3,M_0.3,Mix
242,1.3.12.2.1107.5.1.4.60320.30000018032923504110400005231,1.2.392.200046.100.14.20180329005722867,DE  DE_CarotidAngio  1.0  D30f  A_140kV,A_140kV,H
243,1.3.12.2.1107.5.1.4.60320.30000018032923504110400005232,1.2.392.200046.100.14.20180329005722867,DE  DE_CarotidAngio  1.0  D30f  B_80kV,B_80kV,L
244,1.3.12.2.1107.5.99.2.9594.30000018032016363870300008924,1.2.392.200046.100.14.20180329005722867,<MIP Collection>,,
245,1.3.12.2.1107.5.99.2.9594.30000018032016363870300008959,1.2.392.200046.100.14.20180329005722867,<VRT Collection>,,
246,1.3.12.2.1107.5.1.4.60320.30000017080900571167400055289,1.2.392.200046.100.14.2017080900247038,DE  DE_HeadAngio  1.0  D30f  M_0.3,M_0.3,Mix
247,1.3.12.2.1107.5.1.4.60320.30000017080900333268500006684,1.2.392.200046.100.14.2017080900247038,DE  DE_HeadAngio  1.0  D30f  A_140kV,A_140kV,H
248,1.3.12.2.1107.5.1.4.60320.30000017080900333268500006685,1.2.392.200046.100.14.2017080900247038,DE  DE_HeadAngio  1.0  D30f  B_80kV,B_80kV,L
249,1.3.12.2.1107.5.99.2.9594.30000017080915334548400000170,1.2.392.200046.100.14.2017080900247038,<VRT Collection>,,
250,1.3.12.2.1107.5.99.2.9594.30000017080915334548400000114,1.2.392.200046.100.14.2017080900247038,<MIP Collection>,,
251,1.3.12.2.1107.5.1.4.60320.30000019021723555560600007752,1.2.392.200046.100.14.20190216011917552,DE  DE_CarotidAngio  1.0  D30f  A_140kV,A_140kV,H
252,1.3.12.2.1107.5.1.4.60320.30000019021723555560600007753,1.2.392.200046.100.14.20190216011917552,DE  DE_CarotidAngio  1.0  D30f  B_80kV,B_80kV,L
253,1.3.12.2.1107.5.1.4.60320.30000019021800092658700067579,1.2.392.200046.100.14.20190216011917552,DE  DE_CarotidAngio  1.0  D30f  M_0.3,M_0.3,Mix
254,1.3.12.2.1107.5.99.2.9594.30000019021912235706200000404,1.2.392.200046.100.14.20190216011917552,<VRT Collection>,,
255,1.3.12.2.1107.5.99.2.9594.30000019021912235706200000390,1.2.392.200046.100.14.20190216011917552,<MIP Collection>,,
256,1.3.12.2.1107.5.1.4.60320.30000019061223404762100009091,1.2.392.200046.100.14.20190612012029065,DE  DE_CarotidAngio  1.0  D30f  A_140kV,A_140kV,H
257,1.3.12.2.1107.5.1.4.60320.30000019061223404762100009092,1.2.392.200046.100.14.20190612012029065,DE  DE_CarotidAngio  1.0  D30f  B_80kV,B_80kV,L
258,1.3.12.2.1107.5.1.4.60320.30000019061300352303200074245,1.2.392.200046.100.14.20190612012029065,DE  DE_CarotidAngio  1.0  D30f  M_0.3,M_0.3,Mix
259,1.3.12.2.1107.5.99.2.9594.30000019061315164029600000210,1.2.392.200046.100.14.20190612012029065,<VRT Collection>,,
260,1.3.12.2.1107.5.99.2.9594.30000019061315164029600000184,1.2.392.200046.100.14.20190612012029065,<MIP Collection>,,
261,1.3.12.2.1107.5.1.4.60320.30000018040800120476100040487,1.2.392.200046.100.14.20180407000928510,DE  DE_CarotidAngio  1.0  D30f  M_0.3,M_0.3,Mix
262,1.3.12.2.1107.5.1.4.60320.30000018040723471839300005609,1.2.392.200046.100.14.20180407000928510,DE  DE_CarotidAngio  1.0  D30f  A_140kV,A_140kV,H
263,1.3.12.2.1107.5.1.4.60320.30000018040723471839300005610,1.2.392.200046.100.14.20180407000928510,DE  DE_CarotidAngio  1.0  D30f  B_80kV,B_80kV,L
264,1.3.12.2.1107.5.99.2.9594.30000018040421295560900002741,1.2.392.200046.100.14.20180407000928510,DualEnergy BoneRemovalHead Collection #1,Suppressed,Suppressed
265,1.3.12.2.1107.5.1.4.60320.30000018111300165244600073954,1.3.12.2.1107.5.1.4.60320.30000018111300145275600000056,DE  DE_CarotidAngio  1.0  D30f  M_0.3,M_0.3,Mix
266,1.3.12.2.1107.5.1.4.60320.30000018111300021674800008719,1.3.12.2.1107.5.1.4.60320.30000018111300145275600000056,DE  DE_CarotidAngio  1.0  D30f  A_140kV,A_140kV,H
267,1.3.12.2.1107.5.1.4.60320.30000018111300021674800008720,1.3.12.2.1107.5.1.4.60320.30000018111300145275600000056,DE  DE_CarotidAngio  1.0  D30f  B_80kV,B_80kV,L
268,1.3.12.2.1107.5.99.2.9594.30000018111310393798400002390,1.3.12.2.1107.5.1.4.60320.30000018111300145275600000056,<MIP Collection>,,
269,1.3.12.2.1107.5.99.2.9594.30000018111310393798400002419,1.3.12.2.1107.5.1.4.60320.30000018111300145275600000056,<VRT Collection>,,
270,1.3.12.2.1107.5.1.4.60320.30000017081800190806200018695,1.3.12.2.1107.5.1.4.60320.30000017081800071937600000022,DE  DE_HeadAngio  1.0  D30f  M_0.3,M_0.3,Mix
271,1.3.12.2.1107.5.1.4.60320.30000017081723554417300002425,1.3.12.2.1107.5.1.4.60320.30000017081800071937600000022,DE  DE_HeadAngio  1.0  D30f  A_140kV,A_140kV,H
272,1.3.12.2.1107.5.1.4.60320.30000017081723554417300002426,1.3.12.2.1107.5.1.4.60320.30000017081800071937600000022,DE  DE_HeadAngio  1.0  D30f  B_80kV,B_80kV,L
273,1.3.12.2.1107.5.99.2.9594.30000017081821004573400000175,1.3.12.2.1107.5.1.4.60320.30000017081800071937600000022,<VRT Collection>,,
274,1.3.12.2.1107.5.99.2.9594.30000017081821004573400000143,1.3.12.2.1107.5.1.4.60320.30000017081800071937600000022,<MIP Collection>,,
275,1.3.12.2.1107.5.1.4.60320.30000019061723572959300009226,1.2.392.200046.100.14.20190618059719623,DE  DE_CarotidAngio  1.0  D30f  A_140kV,A_140kV,H
276,1.3.12.2.1107.5.1.4.60320.30000019061723572959300009227,1.2.392.200046.100.14.20190618059719623,DE  DE_CarotidAngio  1.0  D30f  B_80kV,B_80kV,L
277,1.3.12.2.1107.5.1.4.60320.30000019061800132130600085730,1.2.392.200046.100.14.20190618059719623,DE  DE_CarotidAngio  1.0  D30f  M_0.3,M_0.3,Mix
278,1.3.12.2.1107.5.99.2.9594.30000019061516461754600002578,1.2.392.200046.100.14.20190618059719623,<VRT Collection>,,
279,1.3.12.2.1107.5.99.2.9594.30000019061516461754600002546,1.2.392.200046.100.14.20190618059719623,<MIP Collection>,,
280,1.3.12.2.1107.5.1.4.60320.30000016101900130612700007263,1.3.12.2.1107.5.1.4.60320.30000016101900120053800000005,DE  DE_CarotidAngio  1.0  D30f  M_0.3,M_0.3,Mix
281,1.3.12.2.1107.5.1.4.60320.30000016101823401282600000838,1.3.12.2.1107.5.1.4.60320.30000016101900120053800000005,DE  DE_CarotidAngio  1.0  D30f  A_140kV,A_140kV,H
282,1.3.12.2.1107.5.1.4.60320.30000016101823401282600000839,1.3.12.2.1107.5.1.4.60320.30000016101900120053800000005,DE  DE_CarotidAngio  1.0  D30f  B_80kV,B_80kV,L
283,1.3.12.2.1107.5.99.2.9594.30000016101812415384300003147,1.3.12.2.1107.5.1.4.60320.30000016101900120053800000005,DualEnergy BoneRemovalHead Suppressed #1,Suppressed,Suppressed
284,1.3.12.2.1107.5.1.4.60320.30020116101900161380300000243,1.3.12.2.1107.5.1.4.60320.30000016101900120053800000005,<MIP Collection>,,
285,1.3.12.2.1107.5.1.4.60320.30020116101900161380300000288,1.3.12.2.1107.5.1.4.60320.30000016101900120053800000005,<VRT Collection>,,
286,1.3.12.2.1107.5.1.4.60320.30000016060200584950700026326,1.2.392.200046.100.14.20160602003911247,DE  DE_HeadAngio  1.0  D30f  M_0.3,M_0.3,Mix
287,1.3.12.2.1107.5.1.4.60320.30000016060123503568500003196,1.2.392.200046.100.14.20160602003911247,DE  DE_HeadAngio  1.0  D30f  A_140kV,A_140kV,H
288,1.3.12.2.1107.5.1.4.60320.30000016060123503568500003197,1.2.392.200046.100.14.20160602003911247,DE  DE_HeadAngio  1.0  D30f  B_80kV,B_80kV,L
289,1.3.12.2.1107.5.99.2.9594.30000016053114061626500013224,1.2.392.200046.100.14.20160602003911247,<VRT Collection>,,
290,1.3.12.2.1107.5.99.2.9594.30000016053114061626500013210,1.2.392.200046.100.14.20160602003911247,<MIP Collection>,,
291,1.3.12.2.1107.5.1.4.60320.30000016050300173934900044171,1.3.12.2.1107.5.1.4.60320.30000016050300155944200000055,DE  DE_CarotidAngio  1.0  D30f  M_0.3,M_0.3,Mix
292,1.3.12.2.1107.5.1.4.60320.30000016050223501887300005734,1.3.12.2.1107.5.1.4.60320.30000016050300155944200000055,DE  DE_CarotidAngio  1.0  D30f  A_140kV,A_140kV,H
293,1.3.12.2.1107.5.1.4.60320.30000016050223501887300005735,1.3.12.2.1107.5.1.4.60320.30000016050300155944200000055,DE  DE_CarotidAngio  1.0  D30f  B_80kV,B_80kV,L
294,1.3.12.2.1107.5.99.2.9594.30000016050213360968700002331,1.3.12.2.1107.5.1.4.60320.30000016050300155944200000055,<VRT Collection>,,
295,1.3.12.2.1107.5.99.2.9594.30000016050213360968700002302,1.3.12.2.1107.5.1.4.60320.30000016050300155944200000055,<MIP Collection>,,
296,1.3.12.2.1107.5.1.4.60320.30000016101200080920600035460,1.3.12.2.1107.5.1.4.60320.30000016101200070555000000038,DE  DE_HeadAngio  1.0  D30f  M_0.3,M_0.3,Mix
297,1.3.12.2.1107.5.1.4.60320.30000016101123574198100004517,1.3.12.2.1107.5.1.4.60320.30000016101200070555000000038,DE  DE_HeadAngio  1.0  D30f  A_140kV,A_140kV,H
298,1.3.12.2.1107.5.1.4.60320.30000016101123574198100004518,1.3.12.2.1107.5.1.4.60320.30000016101200070555000000038,DE  DE_HeadAngio  1.0  D30f  B_80kV,B_80kV,L
299,1.3.12.2.1107.5.99.2.9594.30000016100318373048400017414,1.3.12.2.1107.5.1.4.60320.30000016101200070555000000038,<MIP Collection>,,
300,1.3.12.2.1107.5.99.2.9594.30000016100318373048400017447,1.3.12.2.1107.5.1.4.60320.30000016101200070555000000038,<VRT Collection>,,
301,1.3.12.2.1107.5.1.4.60320.30000018101600140287000096752,1.2.392.200046.100.14.20181016000521617,DE  DE_CarotidAngio  1.0  D30f  M_0.3,M_0.3,Mix
302,1.3.12.2.1107.5.1.4.60320.30000018101523533434800010523,1.2.392.200046.100.14.20181016000521617,DE  DE_CarotidAngio  1.0  D30f  A_140kV,A_140kV,H
303,1.3.12.2.1107.5.1.4.60320.30000018101523533434800010524,1.2.392.200046.100.14.20181016000521617,DE  DE_CarotidAngio  1.0  D30f  B_80kV,B_80kV,L
304,1.3.12.2.1107.5.99.2.9594.30000018101709475600000001290,1.2.392.200046.100.14.20181016000521617,<VRT Collection>,,
305,1.3.12.2.1107.5.99.2.9594.30000018101709475600000001258,1.2.392.200046.100.14.20181016000521617,<MIP Collection>,,
306,1.3.12.2.1107.5.1.4.60320.30000017122800482358700015708,1.3.12.2.1107.5.1.4.60320.30000017122800461041500000020,DE  DE_CarotidAngio  1.0  D30f  M_0.3,M_0.3,Mix
307,1.3.12.2.1107.5.1.4.60320.30000017122723344196800001854,1.3.12.2.1107.5.1.4.60320.30000017122800461041500000020,DE  DE_CarotidAngio  1.0  D30f  A_140kV,A_140kV,H
308,1.3.12.2.1107.5.1.4.60320.30000017122723344196800001855,1.3.12.2.1107.5.1.4.60320.30000017122800461041500000020,DE  DE_CarotidAngio  1.0  D30f  B_80kV,B_80kV,L
309,1.3.12.2.1107.5.99.2.9594.30000017122720461085900001933,1.3.12.2.1107.5.1.4.60320.30000017122800461041500000020,<VRT Collection>,,
310,1.3.12.2.1107.5.99.2.9594.30000017122720461085900001919,1.3.12.2.1107.5.1.4.60320.30000017122800461041500000020,<MIP Collection>,,
311,1.3.12.2.1107.5.1.4.60320.30000019041623321687100005166,1.2.392.200046.100.14.20190416019627633,DE  DE_CarotidAngio  1.0  D30f  A_140kV,A_140kV,H
312,1.3.12.2.1107.5.1.4.60320.30000019041623321687100005167,1.2.392.200046.100.14.20190416019627633,DE  DE_CarotidAngio  1.0  D30f  B_80kV,B_80kV,L
313,1.3.12.2.1107.5.1.4.60320.30000019041700044160800046039,1.2.392.200046.100.14.20190416019627633,DE  DE_CarotidAngio  1.0  D30f  M_0.3,M_0.3,Mix
314,1.3.12.2.1107.5.99.2.9594.30000019041707531157800001290,1.2.392.200046.100.14.20190416019627633,<MIP Collection>,,
315,1.3.12.2.1107.5.99.2.9594.30000019041707531157800001325,1.2.392.200046.100.14.20190416019627633,<VRT Collection>,,
316,1.3.12.2.1107.5.1.4.60320.30000019032123421973400003157,1.3.12.2.1107.5.1.4.60320.30000019032200041582900000035,DE  DE_CarotidAngio  1.0  D30f  A_140kV,A_140kV,H
317,1.3.12.2.1107.5.1.4.60320.30000019032123421973400003158,1.3.12.2.1107.5.1.4.60320.30000019032200041582900000035,DE  DE_CarotidAngio  1.0  D30f  B_80kV,B_80kV,L
318,1.3.12.2.1107.5.1.4.60320.30000019032200072373500023511,1.3.12.2.1107.5.1.4.60320.30000019032200041582900000035,DE  DE_CarotidAngio  1.0  D30f  M_0.3,M_0.3,Mix
319,1.3.12.2.1107.5.99.2.9594.30000019032110250810900001969,1.3.12.2.1107.5.1.4.60320.30000019032200041582900000035,<VRT Collection>,,
320,1.3.12.2.1107.5.99.2.9594.30000019032110250810900001934,1.3.12.2.1107.5.1.4.60320.30000019032200041582900000035,<MIP Collection>,,
321,1.3.12.2.1107.5.1.4.60320.30000016071500185341500059785,1.2.392.200046.100.14.20160715004627663,DE  DE_HeadAngio  1.0  D30f  M_0.3,M_0.3,Mix
322,1.3.12.2.1107.5.1.4.60320.30000016071500024306100005739,1.2.392.200046.100.14.20160715004627663,DE  DE_HeadAngio  1.0  D30f  A_140kV,A_140kV,H
323,1.3.12.2.1107.5.1.4.60320.30000016071500024306100005740,1.2.392.200046.100.14.20160715004627663,DE  DE_HeadAngio  1.0  D30f  B_80kV,B_80kV,L
324,1.3.12.2.1107.5.99.2.9594.30000016071212050143700006989,1.2.392.200046.100.14.20160715004627663,<MIP Collection>,,
325,1.3.12.2.1107.5.99.2.9594.30000016071212050143700007022,1.2.392.200046.100.14.20160715004627663,<VRT Collection>,,
326,1.3.12.2.1107.5.1.4.60320.30000017072000175806400034787,1.3.12.2.1107.5.1.4.60320.30000017072000134401400000016,DE  DE_CarotidAngio  1.0  D30f  M_0.3,M_0.3,Mix
327,1.3.12.2.1107.5.1.4.60320.30000017071923372826100004409,1.3.12.2.1107.5.1.4.60320.30000017072000134401400000016,DE  DE_CarotidAngio  1.0  D30f  A_140kV,A_140kV,H
328,1.3.12.2.1107.5.1.4.60320.30000017071923372826100004410,1.3.12.2.1107.5.1.4.60320.30000017072000134401400000016,DE  DE_CarotidAngio  1.0  D30f  B_80kV,B_80kV,L
329,1.3.12.2.1107.5.99.2.9594.30000017072012292481200000493,1.3.12.2.1107.5.1.4.60320.30000017072000134401400000016,<VRT Collection>,,
330,1.3.12.2.1107.5.99.2.9594.30000017072012292481200000439,1.3.12.2.1107.5.1.4.60320.30000017072000134401400000016,<MIP Collection>,,
331,1.3.12.2.1107.5.1.4.60320.30000019071123422999900004096,1.3.12.2.1107.5.1.4.60320.30000019071200041903300000019,DE  DE_CarotidAngio  1.0  D30f  A_140kV,A_140kV,H
332,1.3.12.2.1107.5.1.4.60320.30000019071123422999900004097,1.3.12.2.1107.5.1.4.60320.30000019071200041903300000019,DE  DE_CarotidAngio  1.0  D30f  B_80kV,B_80kV,L
333,1.3.12.2.1107.5.1.4.60320.30000019071200055989100032260,1.3.12.2.1107.5.1.4.60320.30000019071200041903300000019,DE  DE_CarotidAngio  1.0  D30f  M_0.3,M_0.3,Mix
334,1.3.12.2.1107.5.99.2.9594.30000019071116115756200001373,1.3.12.2.1107.5.1.4.60320.30000019071200041903300000019,<MIP Collection>,,
335,1.3.12.2.1107.5.99.2.9594.30000019071116115756200001378,1.3.12.2.1107.5.1.4.60320.30000019071200041903300000019,<VRT Collection>,,
336,1.3.12.2.1107.5.1.4.60320.30000016101700240637200063213,1.2.392.200046.100.14.20161017000317968,DE  DE_CarotidAngio  1.0  D30f  M_0.3,M_0.3,Mix
337,1.3.12.2.1107.5.1.4.60320.30000016101623472257200007048,1.2.392.200046.100.14.20161017000317968,DE  DE_CarotidAngio  1.0  D30f  A_140kV,A_140kV,H
338,1.3.12.2.1107.5.1.4.60320.30000016101623472257200007049,1.2.392.200046.100.14.20161017000317968,DE  DE_CarotidAngio  1.0  D30f  B_80kV,B_80kV,L
339,1.3.12.2.1107.5.99.2.9594.30000016101800244914000000874,1.2.392.200046.100.14.20161017000317968,<VRT Collection>,,
340,1.3.12.2.1107.5.99.2.9594.30000016101800244914000000839,1.2.392.200046.100.14.20161017000317968,<MIP Collection>,,
341,1.3.12.2.1107.5.1.4.60320.30000018101700170124300075807,1.2.392.200046.100.14.20181016006211420,DE  DE_CarotidAngio  1.0  D30f  M_0.3,M_0.3,Mix
342,1.3.12.2.1107.5.1.4.60320.30000018101623535580200008683,1.2.392.200046.100.14.20181016006211420,DE  DE_CarotidAngio  1.0  D30f  A_140kV,A_140kV,H
343,1.3.12.2.1107.5.1.4.60320.30000018101623535580200008684,1.2.392.200046.100.14.20181016006211420,DE  DE_CarotidAngio  1.0  D30f  B_80kV,B_80kV,L
344,1.3.12.2.1107.5.99.2.9594.30000018101709475600000003171,1.2.392.200046.100.14.20181016006211420,<MIP Collection>,,
345,1.3.12.2.1107.5.99.2.9594.30000018101709475600000003203,1.2.392.200046.100.14.20181016006211420,<VRT Collection>,,
346,1.3.12.2.1107.5.1.4.60320.30000017050500211919200054215,1.2.392.200046.100.14.20170505005914887,DE  DE_HeadAngio  1.0  D30f  M_0.3,M_0.3,Mix
347,1.3.12.2.1107.5.1.4.60320.30000017050423514410600005917,1.2.392.200046.100.14.20170505005914887,DE  DE_HeadAngio  1.0  D30f  A_140kV,A_140kV,H
348,1.3.12.2.1107.5.1.4.60320.30000017050423514410600005918,1.2.392.200046.100.14.20170505005914887,DE  DE_HeadAngio  1.0  D30f  B_80kV,B_80kV,L
349,1.3.12.2.1107.5.99.2.9594.30000017050221255768700003547,1.2.392.200046.100.14.20170505005914887,<VRT Collection>,,
350,1.3.12.2.1107.5.99.2.9594.30000017050221255768700003536,1.2.392.200046.100.14.20170505005914887,<MIP Collection>,,
351,1.3.12.2.1107.5.1.4.60320.30000019081823461840700008946,1.2.392.200046.100.14.20190819023318700,DE  DE_CarotidAngio  1.0  D30f  A_140kV,A_140kV,H
352,1.3.12.2.1107.5.1.4.60320.30000019081823461840700008947,1.2.392.200046.100.14.20190819023318700,DE  DE_CarotidAngio  1.0  D30f  B_80kV,B_80kV,L
353,1.3.12.2.1107.5.1.4.60320.30000019081900085285900070709,1.2.392.200046.100.14.20190819023318700,DE  DE_CarotidAngio  1.0  D30f  M_0.3,M_0.3,Mix
354,1.2.840.113619.2.80.2810121827.121613.1566205336.1.5.1,1.2.392.200046.100.14.20190819023318700,Filtered image : Smooth 3D+ - Processed Images,,
355,1.2.840.113619.2.80.2810121827.121613.1566205522.19.7.1,1.2.392.200046.100.14.20190819023318700,Processed Images,,
356,1.3.12.2.1107.5.1.4.60320.30000019012400021868600005729,1.2.392.200046.100.14.20190124030719337,DE  DE_CarotidAngio  1.0  D30f  A_140kV,A_140kV,H
357,1.3.12.2.1107.5.1.4.60320.30000019012400021868600005730,1.2.392.200046.100.14.20190124030719337,DE  DE_CarotidAngio  1.0  D30f  B_80kV,B_80kV,L
358,1.3.12.2.1107.5.1.4.60320.30000019012400385496000049247,1.2.392.200046.100.14.20190124030719337,DE  DE_CarotidAngio  1.0  D30f  M_0.3,M_0.3,Mix
359,1.3.12.2.1107.5.99.2.9594.30000019012215113151500007098,1.2.392.200046.100.14.20190124030719337,DualEnergy BoneRemovalHead Suppressed #1,Suppressed,Suppressed
360,1.3.12.2.1107.5.99.2.9594.30000019012209343173400003534,1.2.392.200046.100.14.20190124030719337,<VRT Collection>,,
361,1.3.12.2.1107.5.99.2.9594.30000019012209343173400003524,1.2.392.200046.100.14.20190124030719337,<MIP Collection>,,
362,1.3.12.2.1107.5.1.4.60320.30000016030200150804100073557,1.2.392.200046.100.14.20160302000818008,DE  DE_CarotidAngio  1.0  D30f  M_0.3,M_0.3,Mix
363,1.3.12.2.1107.5.1.4.60320.30000016030123561759300007653,1.2.392.200046.100.14.20160302000818008,DE  DE_CarotidAngio  1.0  D30f  A_140kV,A_140kV,H
364,1.3.12.2.1107.5.1.4.60320.30000016030123561759300007654,1.2.392.200046.100.14.20160302000818008,DE  DE_CarotidAngio  1.0  D30f  B_80kV,B_80kV,L
365,1.3.12.2.1107.5.99.2.9594.30000016030213261042100002820,1.2.392.200046.100.14.20160302000818008,DualEnergy BoneRemovalHead Suppressed #1,Suppressed,Suppressed
366,1.3.12.2.1107.5.99.2.9594.30000016030116121429600006826,1.2.392.200046.100.14.20160302000818008,<MIP Collection>,,
367,1.3.12.2.1107.5.99.2.9594.30000016030116121429600006912,1.2.392.200046.100.14.20160302000818008,<VRT Collection>,,
368,1.3.12.2.1107.5.1.4.60320.30000016010600274431100052489,1.2.392.200046.100.14.20160106001620072,DE  DE_CarotidAngio  1.0  D30f  M_0.3,M_0.3,Mix
369,1.3.12.2.1107.5.1.4.60320.30000016010600161309800004654,1.2.392.200046.100.14.20160106001620072,DE  DE_CarotidAngio  1.0  D30f  A_140kV,A_140kV,H
370,1.3.12.2.1107.5.1.4.60320.30000016010600161309800004655,1.2.392.200046.100.14.20160106001620072,DE  DE_CarotidAngio  1.0  D30f  B_80kV,B_80kV,L
371,1.3.12.2.1107.5.99.2.9594.30000016010515181329600009381,1.2.392.200046.100.14.20160106001620072,<VRT Collection>,,
372,1.3.12.2.1107.5.99.2.9594.30000016010515181329600009364,1.2.392.200046.100.14.20160106001620072,<MIP Collection>,,
373,1.3.12.2.1107.5.1.4.60320.30000018122600162229800083797,1.2.392.200046.100.14.20181225003527844,DE  DE_CarotidAngio  1.0  D30f  M_0.3,M_0.3,Mix
374,1.3.12.2.1107.5.1.4.60320.30000018122600063442100009873,1.2.392.200046.100.14.20181225003527844,DE  DE_CarotidAngio  1.0  D30f  A_140kV,A_140kV,H
375,1.3.12.2.1107.5.1.4.60320.30000018122600063442100009874,1.2.392.200046.100.14.20181225003527844,DE  DE_CarotidAngio  1.0  D30f  B_80kV,B_80kV,L
376,1.3.12.2.1107.5.99.2.9594.30000018122714184365600000061,1.2.392.200046.100.14.20181225003527844,<MIP Collection>,,
377,1.3.12.2.1107.5.99.2.9594.30000018122714184365600000049,1.2.392.200046.100.14.20181225003527844,<VRT Collection>,,
378,1.3.12.2.1107.5.1.4.60320.30000019081823461840700010773,1.2.392.200046.100.14.20190819016711243,DE  DE_CarotidAngio  1.0  D30f  A_140kV,A_140kV,H
379,1.3.12.2.1107.5.1.4.60320.30000019081823461840700010774,1.2.392.200046.100.14.20190819016711243,DE  DE_CarotidAngio  1.0  D30f  B_80kV,B_80kV,L
380,1.3.12.2.1107.5.1.4.60320.30000019081900085285900084054,1.2.392.200046.100.14.20190819016711243,DE  DE_CarotidAngio  1.0  D30f  M_0.3,M_0.3,Mix
381,1.2.840.113619.2.80.2810121827.184824.1566220235.11.5.1,1.2.392.200046.100.14.20190819016711243,Processed Images,,
382,1.2.840.113619.2.80.2810121827.184824.1566220091.1.7.1,1.2.392.200046.100.14.20190819016711243,Processed Images,,
383,1.3.12.2.1107.5.1.4.60320.30000019030723581898900006087,1.2.392.200046.100.14.2019030702712330,DE  DE_CarotidAngio  1.0  D30f  A_140kV,A_140kV,H
384,1.3.12.2.1107.5.1.4.60320.30000019030723581898900006088,1.2.392.200046.100.14.2019030702712330,DE  DE_CarotidAngio  1.0  D30f  B_80kV,B_80kV,L
385,1.3.12.2.1107.5.1.4.60320.30000019030800141712300052215,1.2.392.200046.100.14.2019030702712330,DE  DE_CarotidAngio  1.0  D30f  M_0.3,M_0.3,Mix
386,1.2.840.113619.2.80.2811036266.22884.1551978901.1.5.1,1.2.392.200046.100.14.2019030702712330,Filtered image : Smooth 3D+ - Processed Images,,
387,1.2.840.113619.2.80.2811036266.22884.1551978986.15.7.1,1.2.392.200046.100.14.2019030702712330,Processed Images,,
388,1.3.12.2.1107.5.1.4.60320.30000018072300250989600000827,1.2.392.200046.100.14.20180719002441,DE  DE_HeadAngio  1.0  D30f  M_0.3,M_0.3,Mix
389,1.3.12.2.1107.5.1.4.60320.30000018072223573928900000083,1.2.392.200046.100.14.20180719002441,DE  DE_HeadAngio  1.0  D30f  A_140kV,A_140kV,H
390,1.3.12.2.1107.5.1.4.60320.30000018072223573928900000084,1.2.392.200046.100.14.20180719002441,DE  DE_HeadAngio  1.0  D30f  B_80kV,B_80kV,L
391,1.3.12.2.1107.5.99.2.9594.30000018071814592028100003281,1.2.392.200046.100.14.20180719002441,<MIP Collection>,,
392,1.3.12.2.1107.5.99.2.9594.30000018071814592028100003295,1.2.392.200046.100.14.20180719002441,<VRT Collection>,,
393,1.3.12.2.1107.5.1.4.60320.30000016030500085634300026486,1.2.392.200046.100.14.20160304008228489,DE  DE_CarotidAngio  1.0  D30f  M_0.3,M_0.3,Mix
394,1.3.12.2.1107.5.1.4.60320.30000016030423515005300002375,1.2.392.200046.100.14.20160304008228489,DE  DE_CarotidAngio  1.0  D30f  A_140kV,A_140kV,H
395,1.3.12.2.1107.5.1.4.60320.30000016030423515005300002376,1.2.392.200046.100.14.20160304008228489,DE  DE_CarotidAngio  1.0  D30f  B_80kV,B_80kV,L
396,1.3.12.2.1107.5.99.2.9594.30000016030116121429600030903,1.2.392.200046.100.14.20160304008228489,<MIP Collection>,,
397,1.3.12.2.1107.5.99.2.9594.30000016030116121429600030908,1.2.392.200046.100.14.20160304008228489,<VRT Collection[1]>,,
398,1.3.12.2.1107.5.1.4.60320.30000016022200123466400058778,1.3.12.2.1107.5.1.4.60320.30000016022200113105700000047,DE  DE_CarotidAngio  1.0  D30f  M_0.3,M_0.3,Mix
399,1.3.12.2.1107.5.1.4.60320.30000016022123402068400004940,1.3.12.2.1107.5.1.4.60320.30000016022200113105700000047,DE  DE_CarotidAngio  1.0  D30f  A_140kV,A_140kV,H
400,1.3.12.2.1107.5.1.4.60320.30000016022123402068400004941,1.3.12.2.1107.5.1.4.60320.30000016022200113105700000047,DE  DE_CarotidAngio  1.0  D30f  B_80kV,B_80kV,L
401,1.3.12.2.1107.5.99.2.9594.30000016022123463262500014450,1.3.12.2.1107.5.1.4.60320.30000016022200113105700000047,<VRT Collection>,,
402,1.3.12.2.1107.5.99.2.9594.30000016022123463262500014445,1.3.12.2.1107.5.1.4.60320.30000016022200113105700000047,<MIP Collection>,,
403,1.3.12.2.1107.5.1.4.60320.30000018052100133393600057798,1.3.12.2.1107.5.1.4.60320.30000018052100114723800000035,DE  DE_CarotidAngio  1.0  D30f  M_0.3,M_0.3,Mix
404,1.3.12.2.1107.5.1.4.60320.30000018052023412613900007356,1.3.12.2.1107.5.1.4.60320.30000018052100114723800000035,DE  DE_CarotidAngio  1.0  D30f  A_140kV,A_140kV,H
405,1.3.12.2.1107.5.1.4.60320.30000018052023412613900007357,1.3.12.2.1107.5.1.4.60320.30000018052100114723800000035,DE  DE_CarotidAngio  1.0  D30f  B_80kV,B_80kV,L
406,1.3.12.2.1107.5.99.2.9594.30000018052014544381200000138,1.3.12.2.1107.5.1.4.60320.30000018052100114723800000035,<MIP Collection>,,
407,1.3.12.2.1107.5.99.2.9594.30000018052014544381200000156,1.3.12.2.1107.5.1.4.60320.30000018052100114723800000035,<VRT Collection>,,
408,1.3.12.2.1107.5.1.4.60320.30000019030623560653800008054,1.2.392.200046.100.14.20190306038212504,DE  DE_CarotidAngio  1.0  D30f  A_140kV,A_140kV,H
409,1.3.12.2.1107.5.1.4.60320.30000019030623560653800008055,1.2.392.200046.100.14.20190306038212504,DE  DE_CarotidAngio  1.0  D30f  B_80kV,B_80kV,L
410,1.3.12.2.1107.5.1.4.60320.30000019030700320709100068032,1.2.392.200046.100.14.20190306038212504,DE  DE_CarotidAngio  1.0  D30f  M_0.3,M_0.3,Mix
411,1.3.12.2.1107.5.99.2.9594.30000019030714225735900000878,1.2.392.200046.100.14.20190306038212504,<MIP Collection>,,
412,1.3.12.2.1107.5.99.2.9594.30000019030714225735900000892,1.2.392.200046.100.14.20190306038212504,<VRT Collection>,,
413,1.3.12.2.1107.5.1.4.60320.30000019041900081892100005192,1.2.392.200046.100.14.2019041803497229,DE  DE_CarotidAngio  1.0  D30f  A_140kV,A_140kV,H
414,1.3.12.2.1107.5.1.4.60320.30000019041900081892100005193,1.2.392.200046.100.14.2019041803497229,DE  DE_CarotidAngio  1.0  D30f  B_80kV,B_80kV,L
415,1.3.12.2.1107.5.1.4.60320.30000019041900493006200042728,1.2.392.200046.100.14.2019041803497229,DE  DE_CarotidAngio  1.0  D30f  M_0.3,M_0.3,Mix
416,1.3.12.2.1107.5.99.2.9594.30000019041407443398400023224,1.2.392.200046.100.14.2019041803497229,DualEnergy BoneRemovalHead Suppressed #1,Suppressed,Suppressed
417,1.3.12.2.1107.5.99.2.9594.30000019041707531157800002895,1.2.392.200046.100.14.2019041803497229,<VRT Collection>,,
418,1.3.12.2.1107.5.99.2.9594.30000019041707531157800002866,1.2.392.200046.100.14.2019041803497229,<MIP Collection>,,
419,1.3.12.2.1107.5.1.4.60320.30000019051923271729900008815,1.2.392.200046.100.14.20190517039120363,DE  DE_CarotidAngio  1.0  D30f  A_140kV,A_140kV,H
420,1.3.12.2.1107.5.1.4.60320.30000019051923271729900008816,1.2.392.200046.100.14.20190517039120363,DE  DE_CarotidAngio  1.0  D30f  B_80kV,B_80kV,L
421,1.3.12.2.1107.5.1.4.60320.30000019052000084563400078618,1.2.392.200046.100.14.20190517039120363,DE  DE_CarotidAngio  1.0  D30f  M_0.3,M_0.3,Mix
422,1.3.12.2.1107.5.99.2.9594.30000019051714472243700015866,1.2.392.200046.100.14.20190517039120363,DualEnergy BoneRemovalHead Suppressed #1,Suppressed,Suppressed
423,1.3.12.2.1107.5.99.2.9594.30000019051714510923400002374,1.2.392.200046.100.14.20190517039120363,<MIP Collection>,,
424,1.3.12.2.1107.5.99.2.9594.30000019051714510923400002416,1.2.392.200046.100.14.20190517039120363,<VRT Collection>,,
425,1.3.12.2.1107.5.1.4.60320.30000017062700123482900032283,1.2.392.200046.100.14.20170627001031115,DE  DE_CarotidAngio  1.0  D30f  M_0.3,M_0.3,Mix
426,1.3.12.2.1107.5.1.4.60320.30000017062623173649300003583,1.2.392.200046.100.14.20170627001031115,DE  DE_CarotidAngio  1.0  D30f  A_140kV,A_140kV,H
427,1.3.12.2.1107.5.1.4.60320.30000017062623173649300003584,1.2.392.200046.100.14.20170627001031115,DE  DE_CarotidAngio  1.0  D30f  B_80kV,B_80kV,L
428,1.3.12.2.1107.5.99.2.9594.30000017062615134970300000525,1.2.392.200046.100.14.20170627001031115,<MIP Collection>,,
429,1.3.12.2.1107.5.99.2.9594.30000017062615134970300000530,1.2.392.200046.100.14.20170627001031115,<VRT Collection>,,
430,1.3.12.2.1107.5.1.4.60320.30000018101500145891100095563,1.2.392.200046.100.14.2018101500811695,DE  DE_CarotidAngio  1.0  D30f  M_0.3,M_0.3,Mix
431,1.3.12.2.1107.5.1.4.60320.30000018101423574571900011316,1.2.392.200046.100.14.2018101500811695,DE  DE_CarotidAngio  1.0  D30f  A_140kV,A_140kV,H
432,1.3.12.2.1107.5.1.4.60320.30000018101423574571900011317,1.2.392.200046.100.14.2018101500811695,DE  DE_CarotidAngio  1.0  D30f  B_80kV,B_80kV,L
433,1.3.12.2.1107.5.99.2.9594.30000018092616321987500014778,1.2.392.200046.100.14.2018101500811695,<VRT Collection>,,
434,1.3.12.2.1107.5.99.2.9594.30000018092616321987500014764,1.2.392.200046.100.14.2018101500811695,<MIP Collection>,,
435,1.3.12.2.1107.5.1.4.60320.30000016011500371504400013253,1.2.392.200046.100.14.2016011400423434,DE  DE_HeadAngio  1.0  D30f  M_0.3,M_0.3,Mix
436,1.3.12.2.1107.5.1.4.60320.30000016011423524161800001774,1.2.392.200046.100.14.2016011400423434,DE  DE_HeadAngio  1.0  D30f  A_140kV,A_140kV,H
437,1.3.12.2.1107.5.1.4.60320.30000016011423524161800001775,1.2.392.200046.100.14.2016011400423434,DE  DE_HeadAngio  1.0  D30f  B_80kV,B_80kV,L
438,1.3.12.2.1107.5.99.2.9594.30000016011300340965600017283,1.2.392.200046.100.14.2016011400423434,<MIP Collection>,,
439,1.3.12.2.1107.5.99.2.9594.30000016011300340965600017316,1.2.392.200046.100.14.2016011400423434,<VRT Collection>,,
440,1.3.12.2.1107.5.1.4.60320.30000019032523443977000002454,1.2.392.200046.100.14.20190323029017086,DE  DE_CarotidAngio  1.0  D30f  A_140kV,A_140kV,H
441,1.3.12.2.1107.5.1.4.60320.30000019032523443977000002455,1.2.392.200046.100.14.20190323029017086,DE  DE_CarotidAngio  1.0  D30f  B_80kV,B_80kV,L
442,1.3.12.2.1107.5.1.4.60320.30000019032600081768300018750,1.2.392.200046.100.14.20190323029017086,DE  DE_CarotidAngio  1.0  D30f  M_0.3,M_0.3,Mix
443,1.3.12.2.1107.5.99.2.9594.30000019032607484885900011345,1.2.392.200046.100.14.20190323029017086,DualEnergy BoneRemovalHead Suppressed #1,Suppressed,Suppressed
444,1.3.12.2.1107.5.99.2.9594.30000019032110250810900005203,1.2.392.200046.100.14.20190323029017086,<MIP Collection>,,
445,1.3.12.2.1107.5.99.2.9594.30000019032110250810900005217,1.2.392.200046.100.14.20190323029017086,<VRT Collection>,,
446,1.3.12.2.1107.5.1.4.60320.30000018030800123494600094365,1.2.392.200046.100.14.2018030700319981,DE  DE_CarotidAngio  1.0  D30f  M_0.3,M_0.3,Mix
447,1.3.12.2.1107.5.1.4.60320.30000018030723160554600012570,1.2.392.200046.100.14.2018030700319981,DE  DE_CarotidAngio  1.0  D30f  A_140kV,A_140kV,H
448,1.3.12.2.1107.5.1.4.60320.30000018030723160554600012571,1.2.392.200046.100.14.2018030700319981,DE  DE_CarotidAngio  1.0  D30f  B_80kV,B_80kV,L
449,1.3.12.2.1107.5.99.2.9594.30000018030720533809300003129,1.2.392.200046.100.14.2018030700319981,<MIP Collection>,,
450,1.3.12.2.1107.5.99.2.9594.30000018030720533809300003170,1.2.392.200046.100.14.2018030700319981,<VRT Collection>,,
451,1.3.12.2.1107.5.1.4.60320.30000019022500064343400005068,1.3.12.2.1107.5.1.4.60320.30000019022500190268500000021,DE  DE_CarotidAngio  1.0  D30f  A_140kV,A_140kV,H
452,1.3.12.2.1107.5.1.4.60320.30000019022500064343400005069,1.3.12.2.1107.5.1.4.60320.30000019022500190268500000021,DE  DE_CarotidAngio  1.0  D30f  B_80kV,B_80kV,L
453,1.3.12.2.1107.5.1.4.60320.30000019022500210024100038882,1.3.12.2.1107.5.1.4.60320.30000019022500190268500000021,DE  DE_CarotidAngio  1.0  D30f  M_0.3,M_0.3,Mix
454,1.3.12.2.1107.5.99.2.9594.30000019021912235706200007744,1.3.12.2.1107.5.1.4.60320.30000019022500190268500000021,<MIP Collection>,,
455,1.3.12.2.1107.5.99.2.9594.30000019021912235706200007776,1.3.12.2.1107.5.1.4.60320.30000019022500190268500000021,<VRT Collection>,,
456,1.3.12.2.1107.5.1.4.60320.30000017122500235098000085061,1.2.392.200046.100.14.20171225002926816,DE  DE_CarotidAngio  1.0  D30f  M_0.3,M_0.3,Mix
457,1.3.12.2.1107.5.1.4.60320.30000017122423511825000010744,1.2.392.200046.100.14.20171225002926816,DE  DE_CarotidAngio  1.0  D30f  A_140kV,A_140kV,H
458,1.3.12.2.1107.5.1.4.60320.30000017122423511825000010745,1.2.392.200046.100.14.20171225002926816,DE  DE_CarotidAngio  1.0  D30f  B_80kV,B_80kV,L
459,1.3.12.2.1107.5.99.2.9594.30000017122219513928100003496,1.2.392.200046.100.14.20171225002926816,<MIP Collection>,,
460,1.3.12.2.1107.5.99.2.9594.30000017122219513928100003501,1.2.392.200046.100.14.20171225002926816,<VRT Collection>,,
461,1.3.12.2.1107.5.1.4.60320.30000016082300081337000041422,1.2.392.200046.100.14.20160823001714015,DE  DE_CarotidAngio  1.0  D30f  M_0.3,M_0.3,Mix
462,1.3.12.2.1107.5.1.4.60320.30000016082223563477400004754,1.2.392.200046.100.14.20160823001714015,DE  DE_CarotidAngio  1.0  D30f  A_140kV,A_140kV,H
463,1.3.12.2.1107.5.1.4.60320.30000016082223563477400004755,1.2.392.200046.100.14.20160823001714015,DE  DE_CarotidAngio  1.0  D30f  B_80kV,B_80kV,L
464,1.3.12.2.1107.5.99.2.9594.30000016082312293985900002524,1.2.392.200046.100.14.20160823001714015,<VRT Collection>,,
465,1.3.12.2.1107.5.99.2.9594.30000016082312293985900002494,1.2.392.200046.100.14.20160823001714015,<MIP Collection>,,
466,1.3.12.2.1107.5.1.4.60320.30000018090500212100800061491,1.2.392.200046.100.14.2018090300201012,DE  DE_CarotidAngio  1.0  D30f  M_0.3,M_0.3,Mix
467,1.3.12.2.1107.5.1.4.60320.30000018090500104813500008034,1.2.392.200046.100.14.2018090300201012,DE  DE_CarotidAngio  1.0  D30f  A_140kV,A_140kV,H
468,1.3.12.2.1107.5.1.4.60320.30000018090500104813500008035,1.2.392.200046.100.14.2018090300201012,DE  DE_CarotidAngio  1.0  D30f  B_80kV,B_80kV,L
469,1.3.12.2.1107.5.99.2.9594.30000018081807483548400012794,1.2.392.200046.100.14.2018090300201012,<MIP Collection>,,
470,1.3.12.2.1107.5.99.2.9594.30000018081807483548400012782,1.2.392.200046.100.14.2018090300201012,<VRT Collection>,,
471,1.3.12.2.1107.5.1.4.60320.30000019081223532310100008992,1.2.392.200046.100.14.20190813002320193,DE  DE_CarotidAngio  1.0  D30f  A_140kV,A_140kV,H
472,1.3.12.2.1107.5.1.4.60320.30000019081223532310100008993,1.2.392.200046.100.14.20190813002320193,DE  DE_CarotidAngio  1.0  D30f  B_80kV,B_80kV,L
473,1.3.12.2.1107.5.1.4.60320.30000019081300060441700071243,1.2.392.200046.100.14.20190813002320193,DE  DE_CarotidAngio  1.0  D30f  M_0.3,M_0.3,Mix
474,1.3.12.2.1107.5.99.2.9594.30000019081013254418700004200,1.2.392.200046.100.14.20190813002320193,<VRT Collection>,,
475,1.3.12.2.1107.5.99.2.9594.30000019081013254418700004167,1.2.392.200046.100.14.20190813002320193,<MIP Collection>,,
476,1.3.12.2.1107.5.1.4.60320.30000016112200264892200045021,1.3.12.2.1107.5.1.4.60320.30000016112200253256900000047,DE  DE_CarotidAngio  1.0  D30f  M_0.3,M_0.3,Mix
477,1.3.12.2.1107.5.1.4.60320.30000016112123595517500004787,1.3.12.2.1107.5.1.4.60320.30000016112200253256900000047,DE  DE_CarotidAngio  1.0  D30f  A_140kV,A_140kV,H
478,1.3.12.2.1107.5.1.4.60320.30000016112123595517500004788,1.3.12.2.1107.5.1.4.60320.30000016112200253256900000047,DE  DE_CarotidAngio  1.0  D30f  B_80kV,B_80kV,L
479,1.3.12.2.1107.5.99.2.9594.30000016112219055317100000273,1.3.12.2.1107.5.1.4.60320.30000016112200253256900000047,<VRT Collection>,,
480,1.3.12.2.1107.5.99.2.9594.30000016112219055317100000244,1.3.12.2.1107.5.1.4.60320.30000016112200253256900000047,<MIP Collection>,,
481,1.3.12.2.1107.5.1.4.60320.30000018113000064015900042743,1.2.392.200046.100.14.20181130004017233,DE  DE_CarotidAngio  1.0  D30f  M_0.3,M_0.3,Mix
482,1.3.12.2.1107.5.1.4.60320.30000018112923573259300005347,1.2.392.200046.100.14.20181130004017233,DE  DE_CarotidAngio  1.0  D30f  A_140kV,A_140kV,H
483,1.3.12.2.1107.5.1.4.60320.30000018112923573259300005348,1.2.392.200046.100.14.20181130004017233,DE  DE_CarotidAngio  1.0  D30f  B_80kV,B_80kV,L
484,1.3.12.2.1107.5.99.2.9594.30000018113015131734300000214,1.2.392.200046.100.14.20181130004017233,DualEnergy BoneRemovalHead Suppressed #1,Suppressed,Suppressed
485,1.3.12.2.1107.5.1.4.60320.30020118113000343840800002013,1.2.392.200046.100.14.20181130004017233,<MIP Collection>,,
486,1.3.12.2.1107.5.1.4.60320.30020118113000343840800002028,1.2.392.200046.100.14.20181130004017233,<VRT Collection>,,
487,1.3.12.2.1107.5.1.4.60320.30000019070123415476200011025,1.2.392.200046.100.14.2019070202416640,DE  DE_CarotidAngio  1.0  D30f  A_140kV,A_140kV,H
488,1.3.12.2.1107.5.1.4.60320.30000019070123415476200011026,1.2.392.200046.100.14.2019070202416640,DE  DE_CarotidAngio  1.0  D30f  B_80kV,B_80kV,L
489,1.3.12.2.1107.5.1.4.60320.30000019070200040754000094678,1.2.392.200046.100.14.2019070202416640,DE  DE_CarotidAngio  1.0  D30f  M_0.3,M_0.3,Mix
490,1.3.12.2.1107.5.99.2.9594.30000019062113274709300005761,1.2.392.200046.100.14.2019070202416640,<VRT Collection>,,
491,1.3.12.2.1107.5.99.2.9594.30000019062113274709300005732,1.2.392.200046.100.14.2019070202416640,<MIP Collection>,,
492,1.3.12.2.1107.5.1.4.60320.30000017071000234906000005481,1.2.392.200046.100.14.20170708000511840,DE  DE_CarotidAngio  1.0  D30f  M_0.3,M_0.3,Mix
493,1.3.12.2.1107.5.1.4.60320.30000017070923591215100000568,1.2.392.200046.100.14.20170708000511840,DE  DE_CarotidAngio  1.0  D30f  A_140kV,A_140kV,H
494,1.3.12.2.1107.5.1.4.60320.30000017070923591215100000569,1.2.392.200046.100.14.20170708000511840,DE  DE_CarotidAngio  1.0  D30f  B_80kV,B_80kV,L
495,1.3.12.2.1107.5.99.2.9594.30000017071016444951500001651,1.2.392.200046.100.14.20170708000511840,<VRT Collection>,,
496,1.3.12.2.1107.5.99.2.9594.30000017071016444951500001632,1.2.392.200046.100.14.20170708000511840,<MIP Collection>,,
497,1.3.12.2.1107.5.1.4.60320.30000018121323470755800075405,1.2.392.200046.100.14.20181212004114844,DE  DE_CarotidAngio  1.0  D30f  M_0.3,M_0.3,Mix
498,1.3.12.2.1107.5.1.4.60320.30000018121323465038500008761,1.2.392.200046.100.14.20181212004114844,DE  DE_CarotidAngio  1.0  D30f  A_140kV,A_140kV,H
499,1.3.12.2.1107.5.1.4.60320.30000018121323465038500008762,1.2.392.200046.100.14.20181212004114844,DE  DE_CarotidAngio  1.0  D30f  B_80kV,B_80kV,L
500,1.3.12.2.1107.5.99.2.9594.30000018120813423040600006262,1.2.392.200046.100.14.20181212004114844,<VRT Collection>,,
501,1.3.12.2.1107.5.99.2.9594.30000018120813423040600006237,1.2.392.200046.100.14.20181212004114844,<MIP Collection>,,
502,1.3.12.2.1107.5.1.4.60320.30000019031123440432600010167,1.2.392.200046.100.14.20190312012219692,DE  DE_CarotidAngio  1.0  D30f  A_140kV,A_140kV,H
503,1.3.12.2.1107.5.1.4.60320.30000019031123440432600010168,1.2.392.200046.100.14.20190312012219692,DE  DE_CarotidAngio  1.0  D30f  B_80kV,B_80kV,L
504,1.3.12.2.1107.5.1.4.60320.30000019031200085662900083136,1.2.392.200046.100.14.20190312012219692,DE  DE_CarotidAngio  1.0  D30f  M_0.3,M_0.3,Mix
505,1.3.12.2.1107.5.99.2.9594.30000019031306540739000000597,1.2.392.200046.100.14.20190312012219692,<VRT Collection>,,
506,1.3.12.2.1107.5.99.2.9594.30000019031306540739000000583,1.2.392.200046.100.14.20190312012219692,<MIP Collection>,,
507,1.3.12.2.1107.5.1.4.60320.30000016110300595291100021974,1.2.392.200046.100.14.20161103001027088,DE  DE_HeadAngio  1.0  D30f  M_0.3,M_0.3,Mix
508,1.3.12.2.1107.5.1.4.60320.30000016110223440884900003036,1.2.392.200046.100.14.20161103001027088,DE  DE_HeadAngio  1.0  D30f  A_140kV,A_140kV,H
509,1.3.12.2.1107.5.1.4.60320.30000016110223440884900003037,1.2.392.200046.100.14.20161103001027088,DE  DE_HeadAngio  1.0  D30f  B_80kV,B_80kV,L
510,1.3.12.2.1107.5.99.2.9594.30000016102818091546800016977,1.2.392.200046.100.14.20161103001027088,<VRT Collection>,,
511,1.3.12.2.1107.5.99.2.9594.30000016102818091546800016936,1.2.392.200046.100.14.20161103001027088,<MIP Collection>,,
512,1.3.12.2.1107.5.1.4.60320.30000019040323225445600007977,1.2.392.200046.100.14.2019040305214472,DE  DE_CarotidAngio  1.0  D30f  A_140kV,A_140kV,H
513,1.3.12.2.1107.5.1.4.60320.30000019040323225445600007978,1.2.392.200046.100.14.2019040305214472,DE  DE_CarotidAngio  1.0  D30f  B_80kV,B_80kV,L
514,1.3.12.2.1107.5.1.4.60320.30000019040400270706500058977,1.2.392.200046.100.14.2019040305214472,DE  DE_CarotidAngio  1.0  D30f  M_0.3,M_0.3,Mix
515,1.3.12.2.1107.5.99.2.9594.30000019033013292326500020192,1.2.392.200046.100.14.2019040305214472,DualEnergy BoneRemovalHead Suppressed #1,Suppressed,Suppressed
516,1.3.12.2.1107.5.99.2.9594.30000019033006515348400004907,1.2.392.200046.100.14.2019040305214472,<VRT Collection>,,
517,1.3.12.2.1107.5.99.2.9594.30000019033006515348400004865,1.2.392.200046.100.14.2019040305214472,<MIP Collection>,,
518,1.3.12.2.1107.5.1.4.60320.30000016032900154409800014358,1.2.392.200046.100.14.2016032800731587,DE  DE_CarotidAngio  1.0  D30f  M_0.3,M_0.3,Mix
519,1.3.12.2.1107.5.1.4.60320.30000016032823563931700001589,1.2.392.200046.100.14.2016032800731587,DE  DE_CarotidAngio  1.0  D30f  A_140kV,A_140kV,H
520,1.3.12.2.1107.5.1.4.60320.30000016032823563931700001590,1.2.392.200046.100.14.2016032800731587,DE  DE_CarotidAngio  1.0  D30f  B_80kV,B_80kV,L
521,1.3.12.2.1107.5.99.2.9594.30000016032912005728100000124,1.2.392.200046.100.14.2016032800731587,<VRT Collection>,,
522,1.3.12.2.1107.5.99.2.9594.30000016032912005728100000119,1.2.392.200046.100.14.2016032800731587,<MIP Collection>,,
523,1.3.12.2.1107.5.1.4.60320.30000016081500125781600026696,1.2.392.200046.100.14.20160814000312896,DE  DE_HeadAngio  1.0  D30f  M_0.3,M_0.3,Mix
524,1.3.12.2.1107.5.1.4.60320.30000016081423513434400002873,1.2.392.200046.100.14.20160814000312896,DE  DE_HeadAngio  1.0  D30f  A_140kV,A_140kV,H
525,1.3.12.2.1107.5.1.4.60320.30000016081423513434400002874,1.2.392.200046.100.14.20160814000312896,DE  DE_HeadAngio  1.0  D30f  B_80kV,B_80kV,L
526,1.3.12.2.1107.5.99.2.9594.30000016081518000045300000265,1.2.392.200046.100.14.20160814000312896,<VRT Collection>,,
527,1.3.12.2.1107.5.99.2.9594.30000016081518000045300000164,1.2.392.200046.100.14.20160814000312896,<MIP Collection>,,
528,1.3.12.2.1107.5.1.4.60320.30000019041023385190000012143,1.2.392.200046.100.14.20190411047717540,DE  DE_HeadAngio  1.0  D30f  A_140kV,A_140kV,H
529,1.3.12.2.1107.5.1.4.60320.30000019041023385190000012144,1.2.392.200046.100.14.20190411047717540,DE  DE_HeadAngio  1.0  D30f  B_80kV,B_80kV,L
530,1.3.12.2.1107.5.1.4.60320.30000019041100322316700099635,1.2.392.200046.100.14.20190411047717540,DE  DE_HeadAngio  1.0  D30f  M_0.3,M_0.3,Mix
531,1.3.12.2.1107.5.99.2.9594.30000019041209074098400001056,1.2.392.200046.100.14.20190411047717540,<MIP Collection>,,
532,1.3.12.2.1107.5.99.2.9594.30000019041209074098400001101,1.2.392.200046.100.14.20190411047717540,<VRT Collection>,,
533,1.3.12.2.1107.5.1.4.60320.30000019050623543254700008118,1.2.392.200046.100.14.20190506040113874,DE  DE_CarotidAngio  1.0  D30f  A_140kV,A_140kV,H
534,1.3.12.2.1107.5.1.4.60320.30000019050623543254700008119,1.2.392.200046.100.14.20190506040113874,DE  DE_CarotidAngio  1.0  D30f  B_80kV,B_80kV,L
535,1.3.12.2.1107.5.1.4.60320.30000019050700065207600065079,1.2.392.200046.100.14.20190506040113874,DE  DE_CarotidAngio  1.0  D30f  M_0.3,M_0.3,Mix
536,1.3.12.2.1107.5.99.2.9594.30000019050710081700000000887,1.2.392.200046.100.14.20190506040113874,<VRT Collection>,,
537,1.3.12.2.1107.5.99.2.9594.30000019050710081700000000858,1.2.392.200046.100.14.20190506040113874,<MIP Collection>,,
538,1.3.12.2.1107.5.1.4.60320.30000019061223404762100009205,1.2.392.200046.100.14.20190612026110393,DE  DE_CarotidAngio  1.0  D30f  A_140kV,A_140kV,H
539,1.3.12.2.1107.5.1.4.60320.30000019061223404762100009206,1.2.392.200046.100.14.20190612026110393,DE  DE_CarotidAngio  1.0  D30f  B_80kV,B_80kV,L
540,1.3.12.2.1107.5.1.4.60320.30000019061300352303200076389,1.2.392.200046.100.14.20190612026110393,DE  DE_CarotidAngio  1.0  D30f  M_0.3,M_0.3,Mix
541,1.2.840.113619.2.80.2810121827.15132.1560415209.1.5.1,1.2.392.200046.100.14.20190612026110393,Filtered image : Smooth 3D+ - Processed Images,,
542,1.2.840.113619.2.80.2810121827.15132.1560415257.16.7.1,1.2.392.200046.100.14.20190612026110393,Processed Images,,
543,1.3.12.2.1107.5.1.4.60320.30000019051523344132800005066,1.2.392.200046.100.14.2019051506097208,DE  DE_CarotidAngio  1.0  D30f  A_140kV,A_140kV,H
544,1.3.12.2.1107.5.1.4.60320.30000019051523344132800005067,1.2.392.200046.100.14.2019051506097208,DE  DE_CarotidAngio  1.0  D30f  B_80kV,B_80kV,L
545,1.3.12.2.1107.5.1.4.60320.30000019051523594725400043724,1.2.392.200046.100.14.2019051506097208,DE  DE_CarotidAngio  1.0  D30f  M_0.3,M_0.3,Mix
546,1.3.12.2.1107.5.99.2.9594.30000019051714472243700000128,1.2.392.200046.100.14.2019051506097208,DualEnergy BoneRemovalHead Suppressed #1,Suppressed,Suppressed
547,1.3.12.2.1107.5.99.2.9594.30000019051714510923400000011,1.2.392.200046.100.14.2019051506097208,<MIP Collection>,,
548,1.3.12.2.1107.5.99.2.9594.30000019051714510923400000046,1.2.392.200046.100.14.2019051506097208,<VRT Collection>,,
549,1.3.12.2.1107.5.1.4.60320.30000018032600154678700116555,1.3.12.2.1107.5.1.4.60320.30000018032600114324700000096,DE  DE_CarotidAngio  1.0  D30f  M_0.3,M_0.3,Mix
550,1.3.12.2.1107.5.1.4.60320.30000018032523541083100012965,1.3.12.2.1107.5.1.4.60320.30000018032600114324700000096,DE  DE_CarotidAngio  1.0  D30f  A_140kV,A_140kV,H
551,1.3.12.2.1107.5.1.4.60320.30000018032523541083100012966,1.3.12.2.1107.5.1.4.60320.30000018032600114324700000096,DE  DE_CarotidAngio  1.0  D30f  B_80kV,B_80kV,L
552,1.3.12.2.1107.5.99.2.9594.30000018032016363870300004273,1.3.12.2.1107.5.1.4.60320.30000018032600114324700000096,<VRT Collection>,,
553,1.3.12.2.1107.5.99.2.9594.30000018032016363870300004233,1.3.12.2.1107.5.1.4.60320.30000018032600114324700000096,<MIP Collection>,,
554,1.3.12.2.1107.5.1.4.60320.30000017071000234906000074214,1.2.392.200046.100.14.20170709000912503,DE  DE_CarotidAngio  1.0  D30f  M_0.3,M_0.3,Mix
555,1.3.12.2.1107.5.1.4.60320.30000017070923591215100007667,1.2.392.200046.100.14.20170709000912503,DE  DE_CarotidAngio  1.0  D30f  A_140kV,A_140kV,H
556,1.3.12.2.1107.5.1.4.60320.30000017070923591215100007668,1.2.392.200046.100.14.20170709000912503,DE  DE_CarotidAngio  1.0  D30f  B_80kV,B_80kV,L
557,1.3.12.2.1107.5.99.2.9594.30000017071016444951500001064,1.2.392.200046.100.14.20170709000912503,<MIP Collection>,,
558,1.3.12.2.1107.5.99.2.9594.30000017071016444951500001079,1.2.392.200046.100.14.20170709000912503,<VRT Collection>,,
559,1.3.12.2.1107.5.1.4.60320.30000016071800261052100045570,1.2.392.200046.100.14.20160718003424472,DE  DE_CarotidAngio  1.0  D30f  M_0.3,M_0.3,Mix
560,1.3.12.2.1107.5.1.4.60320.30000016071723450127500004956,1.2.392.200046.100.14.20160718003424472,DE  DE_CarotidAngio  1.0  D30f  A_140kV,A_140kV,H
561,1.3.12.2.1107.5.1.4.60320.30000016071723450127500004957,1.2.392.200046.100.14.20160718003424472,DE  DE_CarotidAngio  1.0  D30f  B_80kV,B_80kV,L
562,1.3.12.2.1107.5.99.2.9594.30000016071814232020300000084,1.2.392.200046.100.14.20160718003424472,<VRT Collection>,,
563,1.3.12.2.1107.5.99.2.9594.30000016071814232020300000054,1.2.392.200046.100.14.20160718003424472,<MIP Collection>,,
564,1.3.12.2.1107.5.1.4.60320.30000018040200180339700100393,1.3.12.2.1107.5.1.4.60320.30000018040200121205500000111,DE  DE_HeadAngio  1.0  D30f  M_0.3,M_0.3,Mix
565,1.3.12.2.1107.5.1.4.60320.30000018040123480032100010787,1.3.12.2.1107.5.1.4.60320.30000018040200121205500000111,DE  DE_HeadAngio  1.0  D30f  A_140kV,A_140kV,H
566,1.3.12.2.1107.5.1.4.60320.30000018040123480032100010788,1.3.12.2.1107.5.1.4.60320.30000018040200121205500000111,DE  DE_HeadAngio  1.0  D30f  B_80kV,B_80kV,L
567,1.3.12.2.1107.5.99.2.9594.30000018032016363870300012737,1.3.12.2.1107.5.1.4.60320.30000018040200121205500000111,<VRT Collection>,,
568,1.3.12.2.1107.5.99.2.9594.30000018032016363870300012732,1.3.12.2.1107.5.1.4.60320.30000018040200121205500000111,<MIP Collection>,,
569,1.3.12.2.1107.5.1.4.60320.30000018050700113804000083046,1.3.12.2.1107.5.1.4.60320.30000018050700103437400000084,DE  DE_CarotidAngio  1.0  D30f  M_0.3,M_0.3,Mix
570,1.3.12.2.1107.5.1.4.60320.30000018050623421795100010141,1.3.12.2.1107.5.1.4.60320.30000018050700103437400000084,DE  DE_CarotidAngio  1.0  D30f  A_140kV,A_140kV,H
571,1.3.12.2.1107.5.1.4.60320.30000018050623421795100010142,1.3.12.2.1107.5.1.4.60320.30000018050700103437400000084,DE  DE_CarotidAngio  1.0  D30f  B_80kV,B_80kV,L
572,1.3.12.2.1107.5.99.2.9594.30000018050420424226500001462,1.3.12.2.1107.5.1.4.60320.30000018050700103437400000084,<MIP Collection>,,
573,1.3.12.2.1107.5.99.2.9594.30000018050420424226500001496,1.3.12.2.1107.5.1.4.60320.30000018050700103437400000084,<VRT Collection>,,
574,1.3.12.2.1107.5.1.4.60320.30000016090700215720000026208,1.3.12.2.1107.5.1.4.60320.30000016090700184584300000024,DE  DE_HeadAngio  1.0  D30f  M_0.3,M_0.3,Mix
575,1.3.12.2.1107.5.1.4.60320.30000016090700022473700002745,1.3.12.2.1107.5.1.4.60320.30000016090700184584300000024,DE  DE_HeadAngio  1.0  D30f  A_140kV,A_140kV,H
576,1.3.12.2.1107.5.1.4.60320.30000016090700022473700002746,1.3.12.2.1107.5.1.4.60320.30000016090700184584300000024,DE  DE_HeadAngio  1.0  D30f  B_80kV,B_80kV,L
577,1.3.12.2.1107.5.1.4.60320.30020116090701003950900000280,1.3.12.2.1107.5.1.4.60320.30000016090700184584300000024,<VRT Collection>,,
578,1.3.12.2.1107.5.99.2.9594.30000016090613565907800006391,1.3.12.2.1107.5.1.4.60320.30000016090700184584300000024,DualEnergy BoneRemovalHead Suppressed #1,Suppressed,Suppressed
579,1.3.12.2.1107.5.1.4.60320.30020116090701003950900000231,1.3.12.2.1107.5.1.4.60320.30000016090700184584300000024,<MIP Collection>,,
580,1.3.12.2.1107.5.1.4.60320.30000019012223560090700005916,1.2.392.200046.100.14.20190122027529073,DE  DE_CarotidAngio  1.0  D30f  A_140kV,A_140kV,H
581,1.3.12.2.1107.5.1.4.60320.30000019012223560090700005917,1.2.392.200046.100.14.20190122027529073,DE  DE_CarotidAngio  1.0  D30f  B_80kV,B_80kV,L
582,1.3.12.2.1107.5.1.4.60320.30000019012300171419200045904,1.2.392.200046.100.14.20190122027529073,DE  DE_CarotidAngio  1.0  D30f  M_0.3,M_0.3,Mix
583,1.3.12.2.1107.5.99.2.9594.30000019012209343173400002875,1.2.392.200046.100.14.20190122027529073,<MIP Collection>,,
584,1.3.12.2.1107.5.99.2.9594.30000019012209343173400002904,1.2.392.200046.100.14.20190122027529073,<VRT Collection>,,
585,1.3.12.2.1107.5.1.4.60320.30000019030523531895500009990,1.2.392.200046.100.14.20190305014720072,DE  DE_CarotidAngio  1.0  D30f  A_140kV,A_140kV,H
586,1.3.12.2.1107.5.1.4.60320.30000019030523531895500009991,1.2.392.200046.100.14.20190305014720072,DE  DE_CarotidAngio  1.0  D30f  B_80kV,B_80kV,L
587,1.3.12.2.1107.5.1.4.60320.30000019030600143507800086446,1.2.392.200046.100.14.20190305014720072,DE  DE_CarotidAngio  1.0  D30f  M_0.3,M_0.3,Mix
588,1.3.12.2.1107.5.99.2.9594.30000019030716410834300001344,1.2.392.200046.100.14.20190305014720072,DualEnergy BoneRemovalHead Suppressed #1,Suppressed,Suppressed
589,1.3.12.2.1107.5.99.2.9594.30000019030714225735900000036,1.2.392.200046.100.14.20190305014720072,<MIP Collection>,,
590,1.3.12.2.1107.5.99.2.9594.30000019030714225735900000051,1.2.392.200046.100.14.20190305014720072,<VRT Collection>,,
591,1.3.12.2.1107.5.1.4.60320.30000018021100191748200040845,1.2.392.200046.100.14.20180211000821520,DE  DE_CarotidAngio  1.0  D30f  M_0.3,M_0.3,Mix
592,1.3.12.2.1107.5.1.4.60320.30000018021023445008100004936,1.2.392.200046.100.14.20180211000821520,DE  DE_CarotidAngio  1.0  D30f  A_140kV,A_140kV,H
593,1.3.12.2.1107.5.1.4.60320.30000018021023445008100004937,1.2.392.200046.100.14.20180211000821520,DE  DE_CarotidAngio  1.0  D30f  B_80kV,B_80kV,L
594,1.3.12.2.1107.5.99.2.9594.30000018021112165462500001204,1.2.392.200046.100.14.20180211000821520,<MIP Collection>,,
595,1.3.12.2.1107.5.99.2.9594.30000018021112165462500001219,1.2.392.200046.100.14.20180211000821520,<VRT Collection>,,
596,1.3.12.2.1107.5.1.4.60320.30000018050200271168700059641,1.3.12.2.1107.5.1.4.60320.30000018050200260323200000055,DE  DE_HeadAngio  1.0  D30f  M_0.3,M_0.3,Mix
597,1.3.12.2.1107.5.1.4.60320.30000018050123495494200007526,1.3.12.2.1107.5.1.4.60320.30000018050200260323200000055,DE  DE_HeadAngio  1.0  D30f  A_140kV,A_140kV,H
598,1.3.12.2.1107.5.1.4.60320.30000018050123495494200007527,1.3.12.2.1107.5.1.4.60320.30000018050200260323200000055,DE  DE_HeadAngio  1.0  D30f  B_80kV,B_80kV,L
599,1.3.12.2.1107.5.99.2.9594.30000018050223595835900000011,1.3.12.2.1107.5.1.4.60320.30000018050200260323200000055,<MIP Collection>,,
600,1.3.12.2.1107.5.99.2.9594.30000018050223595835900000040,1.3.12.2.1107.5.1.4.60320.30000018050200260323200000055,<VRT Collection>,,
601,1.3.12.2.1107.5.1.4.60320.30000016102500201636300017729,1.2.392.200046.100.14.20161025001622483,DE  DE_CarotidAngio  1.0  D30f  M_0.3,M_0.3,Mix
602,1.3.12.2.1107.5.1.4.60320.30000016102500053953000002029,1.2.392.200046.100.14.20161025001622483,DE  DE_CarotidAngio  1.0  D30f  A_140kV,A_140kV,H
603,1.3.12.2.1107.5.1.4.60320.30000016102500053953000002030,1.2.392.200046.100.14.20161025001622483,DE  DE_CarotidAngio  1.0  D30f  B_80kV,B_80kV,L
604,1.3.12.2.1107.5.99.2.9594.30000016102022410910900010758,1.2.392.200046.100.14.20161025001622483,<MIP Collection>,,
605,1.3.12.2.1107.5.99.2.9594.30000016102022410910900010773,1.2.392.200046.100.14.20161025001622483,<VRT Collection>,,
606,1.3.12.2.1107.5.1.4.60320.30000019080523491326000002992,1.2.392.200046.100.14.2019080505666602,DE  DE_CarotidAngio  1.0  D30f  A_140kV,A_140kV,H
607,1.3.12.2.1107.5.1.4.60320.30000019080523491326000002993,1.2.392.200046.100.14.2019080505666602,DE  DE_CarotidAngio  1.0  D30f  B_80kV,B_80kV,L
608,1.3.12.2.1107.5.1.4.60320.30000019080600032525100026795,1.2.392.200046.100.14.2019080505666602,DE  DE_CarotidAngio  1.0  D30f  M_0.3,M_0.3,Mix
609,1.3.12.2.1107.5.99.2.9594.30000019072614571846800005042,1.2.392.200046.100.14.2019080505666602,<MIP Collection>,,
610,1.3.12.2.1107.5.99.2.9594.30000019072614571846800005057,1.2.392.200046.100.14.2019080505666602,<VRT Collection>,,
611,1.3.12.2.1107.5.1.4.60320.30000019042123300406800007957,1.2.392.200046.100.14.20190419038914007,DE  DE_CarotidAngio  1.0  D30f  A_140kV,A_140kV,H
612,1.3.12.2.1107.5.1.4.60320.30000019042123300406800007958,1.2.392.200046.100.14.20190419038914007,DE  DE_CarotidAngio  1.0  D30f  B_80kV,B_80kV,L
613,1.3.12.2.1107.5.1.4.60320.30000019042200141875400062672,1.2.392.200046.100.14.20190419038914007,DE  DE_CarotidAngio  1.0  D30f  M_0.3,M_0.3,Mix
614,1.3.12.2.1107.5.99.2.9594.30000019042315135756200000916,1.2.392.200046.100.14.20190419038914007,<VRT Collection>,,
615,1.3.12.2.1107.5.99.2.9594.30000019042315135756200000901,1.2.392.200046.100.14.20190419038914007,<MIP Collection>,,
616,1.3.12.2.1107.5.1.4.60320.30000016101000252441300070468,1.2.392.200046.100.14.20161009001631196,DE  DE_HeadAngio  1.0  D30f  M_0.3,M_0.3,Mix
617,1.3.12.2.1107.5.1.4.60320.30000016100923573748100006732,1.2.392.200046.100.14.20161009001631196,DE  DE_HeadAngio  1.0  D30f  A_140kV,A_140kV,H
618,1.3.12.2.1107.5.1.4.60320.30000016100923573748100006733,1.2.392.200046.100.14.20161009001631196,DE  DE_HeadAngio  1.0  D30f  B_80kV,B_80kV,L
619,1.3.12.2.1107.5.99.2.9594.30000016100318373048400012807,1.2.392.200046.100.14.20161009001631196,<VRT Collection>,,
620,1.3.12.2.1107.5.99.2.9594.30000016100318373048400012772,1.2.392.200046.100.14.20161009001631196,<MIP Collection>,,
621,1.3.12.2.1107.5.1.4.60320.30000018012923481804800007701,1.3.12.2.1107.5.1.4.60320.30000018013000072414700000042,DE  DE_CarotidAngio  1.0  D30f  A_140kV,A_140kV,H
622,1.3.12.2.1107.5.1.4.60320.30000018012923481804800007702,1.3.12.2.1107.5.1.4.60320.30000018013000072414700000042,DE  DE_CarotidAngio  1.0  D30f  B_80kV,B_80kV,L
623,1.3.12.2.1107.5.1.4.60320.30000018013000084048700059505,1.3.12.2.1107.5.1.4.60320.30000018013000072414700000042,DE  DE_CarotidAngio  1.0  D30f  M_0.3,M_0.3,Mix
624,1.3.12.2.1107.5.99.2.9594.30000018012814355357800002567,1.3.12.2.1107.5.1.4.60320.30000018013000072414700000042,<VRT Collection>,,
625,1.3.12.2.1107.5.99.2.9594.30000018012814355357800002553,1.3.12.2.1107.5.1.4.60320.30000018013000072414700000042,<MIP Collection>,,
626,1.3.12.2.1107.5.1.4.60320.30000019031823402487600005969,1.2.392.200046.100.14.20190319023410189,DE  DE_CarotidAngio  1.0  D30f  A_140kV,A_140kV,H
627,1.3.12.2.1107.5.1.4.60320.30000019031823402487600005970,1.2.392.200046.100.14.20190319023410189,DE  DE_CarotidAngio  1.0  D30f  B_80kV,B_80kV,L
628,1.3.12.2.1107.5.1.4.60320.30000019031900034972800048967,1.2.392.200046.100.14.20190319023410189,DE  DE_CarotidAngio  1.0  D30f  M_0.3,M_0.3,Mix
629,1.3.12.2.1107.5.99.2.9594.30000019031306540739000005697,1.2.392.200046.100.14.20190319023410189,<VRT Collection>,,
630,1.3.12.2.1107.5.99.2.9594.30000019031306540739000005683,1.2.392.200046.100.14.20190319023410189,<MIP Collection>,,
631,1.3.12.2.1107.5.1.4.60320.30000019070723393523000000364,1.2.392.200046.100.14.201907040537288,DE  DE_CarotidAngio  1.0  D30f  A_140kV,A_140kV,H
632,1.3.12.2.1107.5.1.4.60320.30000019070723393523000000365,1.2.392.200046.100.14.201907040537288,DE  DE_CarotidAngio  1.0  D30f  B_80kV,B_80kV,L
633,1.3.12.2.1107.5.1.4.60320.30000019070800040356200003136,1.2.392.200046.100.14.201907040537288,DE  DE_CarotidAngio  1.0  D30f  M_0.3,M_0.3,Mix
634,1.3.12.2.1107.5.99.2.9594.30000019070609220185900002048,1.2.392.200046.100.14.201907040537288,<VRT Collection>,,
635,1.3.12.2.1107.5.99.2.9594.30000019070609220185900002010,1.2.392.200046.100.14.201907040537288,<MIP Collection>,,
636,1.3.12.2.1107.5.1.4.60320.30000018091700194293500079789,1.3.12.2.1107.5.1.4.60320.30000018091700145328200000073,DE  DE_CarotidAngio  1.0  D30f  M_0.3,M_0.3,Mix
637,1.3.12.2.1107.5.1.4.60320.30000018091700071919900008564,1.3.12.2.1107.5.1.4.60320.30000018091700145328200000073,DE  DE_CarotidAngio  1.0  D30f  A_140kV,A_140kV,H
638,1.3.12.2.1107.5.1.4.60320.30000018091700071919900008565,1.3.12.2.1107.5.1.4.60320.30000018091700145328200000073,DE  DE_CarotidAngio  1.0  D30f  B_80kV,B_80kV,L
639,1.3.12.2.1107.5.99.2.9594.30000018091315332764000002387,1.3.12.2.1107.5.1.4.60320.30000018091700145328200000073,<VRT Collection>,,
640,1.3.12.2.1107.5.99.2.9594.30000018091512264239000002517,1.3.12.2.1107.5.1.4.60320.30000018091700145328200000073,DualEnergy BoneRemovalHead Suppressed #1,Suppressed,Suppressed
641,1.3.12.2.1107.5.99.2.9594.30000018091315332764000002376,1.3.12.2.1107.5.1.4.60320.30000018091700145328200000073,<MIP Collection>,,
642,1.3.12.2.1107.5.1.4.60320.30000017061400154849800076635,1.2.392.200046.100.14.201706140079140,DE  DE_HeadAngio  1.0  D30f  M_0.3,M_0.3,Mix
643,1.3.12.2.1107.5.1.4.60320.30000017061323374027200007955,1.2.392.200046.100.14.201706140079140,DE  DE_HeadAngio  1.0  D30f  A_140kV,A_140kV,H
644,1.3.12.2.1107.5.1.4.60320.30000017061323374027200007956,1.2.392.200046.100.14.201706140079140,DE  DE_HeadAngio  1.0  D30f  B_80kV,B_80kV,L
645,1.3.12.2.1107.5.99.2.9594.30000017061422281948400000013,1.2.392.200046.100.14.201706140079140,<VRT Collection>,,
646,1.3.12.2.1107.5.99.2.9594.30000017061422281948400000042,1.2.392.200046.100.14.201706140079140,<MIP Collection>,,
647,1.3.12.2.1107.5.1.4.60320.30000019022823581028800005909,1.3.12.2.1107.5.1.4.60320.30000019030100064033500000027,DE  DE_CarotidAngio  1.0  D30f  A_140kV,A_140kV,H
648,1.3.12.2.1107.5.1.4.60320.30000019022823581028800005910,1.3.12.2.1107.5.1.4.60320.30000019030100064033500000027,DE  DE_CarotidAngio  1.0  D30f  B_80kV,B_80kV,L
649,1.3.12.2.1107.5.1.4.60320.30000019030100074691600048175,1.3.12.2.1107.5.1.4.60320.30000019030100064033500000027,DE  DE_CarotidAngio  1.0  D30f  M_0.3,M_0.3,Mix
650,1.3.12.2.1107.5.99.2.9594.30000019021912235706200012187,1.3.12.2.1107.5.1.4.60320.30000019030100064033500000027,<VRT Collection>,,
651,1.3.12.2.1107.5.99.2.9594.30000019021912235706200012162,1.3.12.2.1107.5.1.4.60320.30000019030100064033500000027,<MIP Collection>,,
652,1.3.12.2.1107.5.1.4.60320.30000018011123510815200009839,1.2.392.200046.100.14.20180112003718700,DE  DE_CarotidAngio  1.0  D30f  A_140kV,A_140kV,H
653,1.3.12.2.1107.5.1.4.60320.30000018011123510815200009840,1.2.392.200046.100.14.20180112003718700,DE  DE_CarotidAngio  1.0  D30f  B_80kV,B_80kV,L
654,1.3.12.2.1107.5.1.4.60320.30000018011200103723800081362,1.2.392.200046.100.14.20180112003718700,DE  DE_CarotidAngio  1.0  D30f  M_0.3,M_0.3,Mix
655,1.3.12.2.1107.5.99.2.9594.30000018010921122029600003438,1.2.392.200046.100.14.20180112003718700,<MIP Collection>,,
656,1.3.12.2.1107.5.99.2.9594.30000018010921122029600003489,1.2.392.200046.100.14.20180112003718700,<VRT Collection>,,
657,1.3.12.2.1107.5.1.4.60320.30000016022600054679500002975,1.2.392.200046.100.14.2016022500592995,DE  DE_CarotidAngio  1.0  D30f  M_0.3,M_0.3,Mix
658,1.3.12.2.1107.5.1.4.60320.30000016022523482733200000285,1.2.392.200046.100.14.2016022500592995,DE  DE_CarotidAngio  1.0  D30f  A_140kV,A_140kV,H
659,1.3.12.2.1107.5.1.4.60320.30000016022523482733200000286,1.2.392.200046.100.14.2016022500592995,DE  DE_CarotidAngio  1.0  D30f  B_80kV,B_80kV,L
660,1.3.12.2.1107.5.99.2.9594.30000016022401534120300015135,1.2.392.200046.100.14.2016022500592995,<MIP Collection>,,
661,1.3.12.2.1107.5.99.2.9594.30000016022401534120300015140,1.2.392.200046.100.14.2016022500592995,<VRT Collection>,,
662,1.3.12.2.1107.5.1.4.60320.30000018071900384007500057124,1.2.392.200046.100.14.20180719003129492,DE  DE_CarotidAngio  1.0  D30f  M_0.3,M_0.3,Mix
663,1.3.12.2.1107.5.1.4.60320.30000018071823331237300006386,1.2.392.200046.100.14.20180719003129492,DE  DE_CarotidAngio  1.0  D30f  A_140kV,A_140kV,H
664,1.3.12.2.1107.5.1.4.60320.30000018071823331237300006387,1.2.392.200046.100.14.20180719003129492,DE  DE_CarotidAngio  1.0  D30f  B_80kV,B_80kV,L
665,1.3.12.2.1107.5.99.2.9594.30000018071814592028100001531,1.2.392.200046.100.14.20180719003129492,<MIP Collection>,,
666,1.3.12.2.1107.5.99.2.9594.30000018071814592028100001540,1.2.392.200046.100.14.20180719003129492,<VRT Collection>,,
667,1.3.12.2.1107.5.1.4.60320.30000018052500072055600054717,1.2.392.200046.100.14.2018052500281550,DE  DE_CarotidAngio  1.0  D30f  M_0.3,M_0.3,Mix
668,1.3.12.2.1107.5.1.4.60320.30000018052423540029400005988,1.2.392.200046.100.14.2018052500281550,DE  DE_CarotidAngio  1.0  D30f  A_140kV,A_140kV,H
669,1.3.12.2.1107.5.1.4.60320.30000018052423540029400005989,1.2.392.200046.100.14.2018052500281550,DE  DE_CarotidAngio  1.0  D30f  B_80kV,B_80kV,L
670,1.3.12.2.1107.5.99.2.9594.30000018052222545462500003784,1.2.392.200046.100.14.2018052500281550,<MIP Collection>,,
671,1.3.12.2.1107.5.99.2.9594.30000018052222545462500003808,1.2.392.200046.100.14.2018052500281550,<VRT Collection>,,
672,1.3.12.2.1107.5.1.4.60320.30000016022903363034000058121,1.2.392.200046.100.14.20160301000328019,DE  DE_CarotidAngio  1.0  D30f  M_0.3,M_0.3,Mix
673,1.3.12.2.1107.5.1.4.60320.30000016022903354499600006553,1.2.392.200046.100.14.20160301000328019,DE  DE_CarotidAngio  1.0  D30f  A_140kV,A_140kV,H
674,1.3.12.2.1107.5.1.4.60320.30000016022903354499600006554,1.2.392.200046.100.14.20160301000328019,DE  DE_CarotidAngio  1.0  D30f  B_80kV,B_80kV,L
675,1.3.12.2.1107.5.99.2.9594.30000016030112033145300000829,1.2.392.200046.100.14.20160301000328019,<VRT Collection>,,
676,1.3.12.2.1107.5.99.2.9594.30000016030112033145300000824,1.2.392.200046.100.14.20160301000328019,<MIP Collection>,,
677,1.3.12.2.1107.5.1.4.60320.30000017032700385980300046259,1.2.392.200046.100.14.20170325005716512,DE  DE_CarotidAngio  1.0  D30f  M_0.3,M_0.3,Mix
678,1.3.12.2.1107.5.1.4.60320.30000017032700160342900005537,1.2.392.200046.100.14.20170325005716512,DE  DE_CarotidAngio  1.0  D30f  A_140kV,A_140kV,H
679,1.3.12.2.1107.5.1.4.60320.30000017032700160342900005538,1.2.392.200046.100.14.20170325005716512,DE  DE_CarotidAngio  1.0  D30f  B_80kV,B_80kV,L
680,1.3.12.2.1107.5.99.2.9594.30000017032712561062500000292,1.2.392.200046.100.14.20170325005716512,<VRT Collection>,,
681,1.3.12.2.1107.5.99.2.9594.30000017032712561062500000260,1.2.392.200046.100.14.20170325005716512,<MIP Collection>,,
682,1.3.12.2.1107.5.1.4.60320.30000018031900160717000090624,1.3.12.2.1107.5.1.4.60320.30000018031900141727600000100,DE  DE_CarotidAngio  1.0  D30f  M_0.3,M_0.3,Mix
683,1.3.12.2.1107.5.1.4.60320.30000018031900030092300010751,1.3.12.2.1107.5.1.4.60320.30000018031900141727600000100,DE  DE_CarotidAngio  1.0  D30f  A_140kV,A_140kV,H
684,1.3.12.2.1107.5.1.4.60320.30000018031900030092300010752,1.3.12.2.1107.5.1.4.60320.30000018031900141727600000100,DE  DE_CarotidAngio  1.0  D30f  B_80kV,B_80kV,L
685,1.3.12.2.1107.5.99.2.9594.30000018031920454681200001380,1.3.12.2.1107.5.1.4.60320.30000018031900141727600000100,DualEnergy BoneRemovalHead Suppressed #1,Suppressed,Suppressed
686,1.3.12.2.1107.5.99.2.9594.30000018030720533809300011941,1.3.12.2.1107.5.1.4.60320.30000018031900141727600000100,<MIP Collection>,,
687,1.3.12.2.1107.5.99.2.9594.30000018030720533809300011989,1.3.12.2.1107.5.1.4.60320.30000018031900141727600000100,<VRT Collection>,,
688,1.3.12.2.1107.5.1.4.60320.30000018071900384007500070535,1.2.392.200046.100.14.2018071900416705,DE  DE_CarotidAngio  1.0  D30f  M_0.3,M_0.3,Mix
689,1.3.12.2.1107.5.1.4.60320.30000018071823331237300007699,1.2.392.200046.100.14.2018071900416705,DE  DE_CarotidAngio  1.0  D30f  A_140kV,A_140kV,H
690,1.3.12.2.1107.5.1.4.60320.30000018071823331237300007700,1.2.392.200046.100.14.2018071900416705,DE  DE_CarotidAngio  1.0  D30f  B_80kV,B_80kV,L
691,1.3.12.2.1107.5.99.2.9594.30000018071814592028100001429,1.2.392.200046.100.14.2018071900416705,<VRT Collection>,,
692,1.3.12.2.1107.5.99.2.9594.30000018071814592028100001414,1.2.392.200046.100.14.2018071900416705,<MIP Collection>,,
693,1.3.12.2.1107.5.1.4.60320.30000018031900160717000050535,1.2.392.200046.100.14.2018031500582363,DE  DE_CarotidAngio  1.0  D30f  M_0.3,M_0.3,Mix
694,1.3.12.2.1107.5.1.4.60320.30000018031900030092300006314,1.2.392.200046.100.14.2018031500582363,DE  DE_CarotidAngio  1.0  D30f  A_140kV,A_140kV,H
695,1.3.12.2.1107.5.1.4.60320.30000018031900030092300006315,1.2.392.200046.100.14.2018031500582363,DE  DE_CarotidAngio  1.0  D30f  B_80kV,B_80kV,L
696,1.3.12.2.1107.5.99.2.9594.30000018030720533809300010724,1.2.392.200046.100.14.2018031500582363,<MIP Collection>,,
697,1.3.12.2.1107.5.99.2.9594.30000018031913250528100001457,1.2.392.200046.100.14.2018031500582363,DualEnergy BoneRemovalHead Suppressed #1,Suppressed,Suppressed
698,1.3.12.2.1107.5.99.2.9594.30000018030720533809300010786,1.2.392.200046.100.14.2018031500582363,<VRT Collection>,,
699,1.3.12.2.1107.5.1.4.60320.30000016032500191681100038385,1.2.392.200046.100.14.20160325003330195,DE  DE_CarotidAngio  1.0  D30f  M_0.3,M_0.3,Mix
700,1.3.12.2.1107.5.1.4.60320.30000016032423572777200004014,1.2.392.200046.100.14.20160325003330195,DE  DE_CarotidAngio  1.0  D30f  A_140kV,A_140kV,H
701,1.3.12.2.1107.5.1.4.60320.30000016032423572777200004015,1.2.392.200046.100.14.20160325003330195,DE  DE_CarotidAngio  1.0  D30f  B_80kV,B_80kV,L
702,1.3.12.2.1107.5.99.2.9594.30000016032413492529600010291,1.2.392.200046.100.14.20160325003330195,<MIP Collection>,,
703,1.3.12.2.1107.5.99.2.9594.30000016032413492529600010296,1.2.392.200046.100.14.20160325003330195,<VRT Collection>,,
704,1.3.12.2.1107.5.1.4.60320.30000018031900160717000029803,1.3.12.2.1107.5.1.4.60320.30000018031900141727600000032,DE  DE_CarotidAngio  1.0  D30f  M_0.3,M_0.3,Mix
705,1.3.12.2.1107.5.1.4.60320.30000018031900030092300003624,1.3.12.2.1107.5.1.4.60320.30000018031900141727600000032,DE  DE_CarotidAngio  1.0  D30f  A_140kV,A_140kV,H
706,1.3.12.2.1107.5.1.4.60320.30000018031900030092300003625,1.3.12.2.1107.5.1.4.60320.30000018031900141727600000032,DE  DE_CarotidAngio  1.0  D30f  B_80kV,B_80kV,L
707,1.3.12.2.1107.5.99.2.9594.30000018031913250528100000128,1.3.12.2.1107.5.1.4.60320.30000018031900141727600000032,DualEnergy BoneRemovalHead Suppressed #1,Suppressed,Suppressed
708,1.3.12.2.1107.5.1.4.60320.30020118031900203047700012388,1.3.12.2.1107.5.1.4.60320.30000018031900141727600000032,<MIP Collection>,,
709,1.3.12.2.1107.5.1.4.60320.30000016010900180979300032875,1.2.392.200046.100.14.2016010900061637,DE  DE_CarotidAngio  1.0  D30f  M_0.3,M_0.3,Mix
710,1.3.12.2.1107.5.1.4.60320.30000016010900045846700004588,1.2.392.200046.100.14.2016010900061637,DE  DE_CarotidAngio  1.0  D30f  A_140kV,A_140kV,H
711,1.3.12.2.1107.5.1.4.60320.30000016010900045846700004589,1.2.392.200046.100.14.2016010900061637,DE  DE_CarotidAngio  1.0  D30f  B_80kV,B_80kV,L
712,1.3.12.2.1107.5.99.2.9594.30000016010904522334300001290,1.2.392.200046.100.14.2016010900061637,DualEnergy BoneRemovalHead Suppressed #1,Suppressed,Suppressed
713,1.3.12.2.1107.5.99.2.9594.30000016010904522973400000118,1.2.392.200046.100.14.2016010900061637,<MIP Collection>,,
714,1.3.12.2.1107.5.99.2.9594.30000016010904522973400000133,1.2.392.200046.100.14.2016010900061637,<VRT Collection>,,
715,1.3.12.2.1107.5.1.4.60320.30000017122200124372600070285,1.3.12.2.1107.5.1.4.60320.30000017122200111921900000070,DE  DE_CarotidAngio  1.0  D30f  M_0.3,M_0.3,Mix
716,1.3.12.2.1107.5.1.4.60320.30000017122123511456300008450,1.3.12.2.1107.5.1.4.60320.30000017122200111921900000070,DE  DE_CarotidAngio  1.0  D30f  A_140kV,A_140kV,H
717,1.3.12.2.1107.5.1.4.60320.30000017122123511456300008451,1.3.12.2.1107.5.1.4.60320.30000017122200111921900000070,DE  DE_CarotidAngio  1.0  D30f  B_80kV,B_80kV,L
718,1.3.12.2.1107.5.99.2.9594.30000017122219513928100000786,1.3.12.2.1107.5.1.4.60320.30000017122200111921900000070,<VRT Collection>,,
719,1.3.12.2.1107.5.99.2.9594.30000017122219513928100000744,1.3.12.2.1107.5.1.4.60320.30000017122200111921900000070,<MIP Collection>,,
720,1.3.12.2.1107.5.1.4.60320.30000017110700134123500078215,1.2.392.200046.100.14.201711070066229,DE  DE_CarotidAngio  1.0  D30f  M_0.3,M_0.3,Mix
721,1.3.12.2.1107.5.1.4.60320.30000017110623461460500010184,1.2.392.200046.100.14.201711070066229,DE  DE_CarotidAngio  1.0  D30f  A_140kV,A_140kV,H
722,1.3.12.2.1107.5.1.4.60320.30000017110623461460500010185,1.2.392.200046.100.14.201711070066229,DE  DE_CarotidAngio  1.0  D30f  B_80kV,B_80kV,L
723,1.3.12.2.1107.5.99.2.9594.30000017110721163848400000016,1.2.392.200046.100.14.201711070066229,<VRT Collection>,,
724,1.3.12.2.1107.5.99.2.9594.30000017110721163848400000011,1.2.392.200046.100.14.201711070066229,<MIP Collection>,,
725,1.3.12.2.1107.5.1.4.60320.30000019051407045763700001789,1.2.392.200046.100.14.20190514023531071,DE  DE_CarotidAngio  1.0  D30f  A_140kV,A_140kV,H
726,1.3.12.2.1107.5.1.4.60320.30000019051407045763700001790,1.2.392.200046.100.14.20190514023531071,DE  DE_CarotidAngio  1.0  D30f  B_80kV,B_80kV,L
727,1.3.12.2.1107.5.1.4.60320.30000019051407060694800016306,1.2.392.200046.100.14.20190514023531071,DE  DE_CarotidAngio  1.0  D30f  M_0.3,M_0.3,Mix
728,1.3.12.2.1107.5.99.2.9594.30000019051009454809300013399,1.2.392.200046.100.14.20190514023531071,DualEnergy BoneRemovalHead Suppressed #1,Suppressed,Suppressed
729,1.3.12.2.1107.5.1.4.60320.30020119051407033725600000257,1.2.392.200046.100.14.20190514023531071,<VRT Collection>,,
730,1.3.12.2.1107.5.1.4.60320.30020119051407033725600000221,1.2.392.200046.100.14.20190514023531071,<MIP Collection>,,
731,1.3.12.2.1107.5.1.4.60320.30000019022823581028800007793,1.2.392.200046.100.14.20190228049324473,DE  DE_CarotidAngio  1.0  D30f  A_140kV,A_140kV,H
732,1.3.12.2.1107.5.1.4.60320.30000019022823581028800007794,1.2.392.200046.100.14.20190228049324473,DE  DE_CarotidAngio  1.0  D30f  B_80kV,B_80kV,L
733,1.3.12.2.1107.5.1.4.60320.30000019030100074691600077065,1.2.392.200046.100.14.20190228049324473,DE  DE_CarotidAngio  1.0  D30f  M_0.3,M_0.3,Mix
734,1.3.12.2.1107.5.1.4.60320.30000016041500130195800055100,1.2.392.200046.100.14.20160415001724515,DE  DE_HeadAngio  1.0  D30f  M_0.3,M_0.3,Mix
735,1.3.12.2.1107.5.1.4.60320.30000016041423522031800006093,1.2.392.200046.100.14.20160415001724515,DE  DE_HeadAngio  1.0  D30f  A_140kV,A_140kV,H
736,1.3.12.2.1107.5.1.4.60320.30000016041423522031800006094,1.2.392.200046.100.14.20160415001724515,DE  DE_HeadAngio  1.0  D30f  B_80kV,B_80kV,L
737,1.3.12.2.1107.5.99.2.9594.30000016041520025798400003100,1.2.392.200046.100.14.20160415001724515,DualEnergy BoneRemovalHead Suppressed #1,Suppressed,Suppressed
738,1.3.12.2.1107.5.99.2.9594.30000016041520034870300000767,1.2.392.200046.100.14.20160415001724515,<MIP Collection>,,
739,1.3.12.2.1107.5.99.2.9594.30000016041520034870300000822,1.2.392.200046.100.14.20160415001724515,<VRT Collection>,,
740,1.3.12.2.1107.5.1.4.60320.30000016030400171623200025837,1.2.392.200046.100.14.20160302001630238,DE  DE_CarotidAngio  1.0  D30f  M_0.3,M_0.3,Mix
741,1.3.12.2.1107.5.1.4.60320.30000016030400014052500003292,1.2.392.200046.100.14.20160302001630238,DE  DE_CarotidAngio  1.0  D30f  A_140kV,A_140kV,H
742,1.3.12.2.1107.5.1.4.60320.30000016030400014052500003293,1.2.392.200046.100.14.20160302001630238,DE  DE_CarotidAngio  1.0  D30f  B_80kV,B_80kV,L
743,1.3.12.2.1107.5.99.2.9594.30000016030213261042100008237,1.2.392.200046.100.14.20160302001630238,DualEnergy BoneRemovalHead Suppressed #1,Suppressed,Suppressed
744,1.3.12.2.1107.5.1.4.60320.30020116030401473579800000132,1.2.392.200046.100.14.20160302001630238,<VRT Collection>,,
745,1.3.12.2.1107.5.1.4.60320.30020116030401473579800000095,1.2.392.200046.100.14.20160302001630238,<MIP Collection>,,
746,1.3.12.2.1107.5.1.4.60320.30000018020823553268500003548,1.2.392.200046.100.14.20180209001226869,DE  DE_CarotidAngio  1.0  D30f  A_140kV,A_140kV,H
747,1.3.12.2.1107.5.1.4.60320.30000018020823553268500003549,1.2.392.200046.100.14.20180209001226869,DE  DE_CarotidAngio  1.0  D30f  B_80kV,B_80kV,L
748,1.3.12.2.1107.5.1.4.60320.30000018020900133942200032967,1.2.392.200046.100.14.20180209001226869,DE  DE_CarotidAngio  1.0  D30f  M_0.3,M_0.3,Mix
749,1.3.12.2.1107.5.99.2.9594.30000018020716462537500001606,1.2.392.200046.100.14.20180209001226869,<VRT Collection>,,
750,1.3.12.2.1107.5.99.2.9594.30000018020716462537500001577,1.2.392.200046.100.14.20180209001226869,<MIP Collection>,,
751,1.3.12.2.1107.5.1.4.60320.30000019010800015429400011293,1.2.392.200046.100.14.2019010700637511,DE  DE_CarotidAngio  1.0  D30f  A_140kV,A_140kV,H
752,1.3.12.2.1107.5.1.4.60320.30000019010800015429400011294,1.2.392.200046.100.14.2019010700637511,DE  DE_CarotidAngio  1.0  D30f  B_80kV,B_80kV,L
753,1.3.12.2.1107.5.1.4.60320.30000019010800195426700094536,1.2.392.200046.100.14.2019010700637511,DE  DE_CarotidAngio  1.0  D30f  M_0.3,M_0.3,Mix
754,1.3.12.2.1107.5.99.2.9594.30000019010814203554600000763,1.2.392.200046.100.14.2019010700637511,<MIP Collection>,,
755,1.3.12.2.1107.5.99.2.9594.30000019010814203554600000752,1.2.392.200046.100.14.2019010700637511,<VRT Collection>,,
756,1.3.12.2.1107.5.1.4.60320.30000016053100113098400042245,1.3.12.2.1107.5.1.4.60320.30000016053100100265400000061,DE  DE_CarotidAngio  1.0  D30f  M_0.3,M_0.3,Mix
757,1.3.12.2.1107.5.1.4.60320.30000016053023442575400005028,1.3.12.2.1107.5.1.4.60320.30000016053100100265400000061,DE  DE_CarotidAngio  1.0  D30f  A_140kV,A_140kV,H
758,1.3.12.2.1107.5.1.4.60320.30000016053023442575400005029,1.3.12.2.1107.5.1.4.60320.30000016053100100265400000061,DE  DE_CarotidAngio  1.0  D30f  B_80kV,B_80kV,L
759,1.3.12.2.1107.5.99.2.9594.30000016053114061626500007728,1.3.12.2.1107.5.1.4.60320.30000016053100100265400000061,<MIP Collection>,,
760,1.3.12.2.1107.5.99.2.9594.30000016053114061626500007766,1.3.12.2.1107.5.1.4.60320.30000016053100100265400000061,<VRT Collection>,,
761,1.3.12.2.1107.5.1.4.60320.30000018040900045594100093154,1.3.12.2.1107.5.1.4.60320.30000018040900031275600000094,DE  DE_CarotidAngio  1.0  D30f  M_0.3,M_0.3,Mix
762,1.3.12.2.1107.5.1.4.60320.30000018040823284471900011396,1.3.12.2.1107.5.1.4.60320.30000018040900031275600000094,DE  DE_CarotidAngio  1.0  D30f  A_140kV,A_140kV,H
763,1.3.12.2.1107.5.1.4.60320.30000018040823284471900011397,1.3.12.2.1107.5.1.4.60320.30000018040900031275600000094,DE  DE_CarotidAngio  1.0  D30f  B_80kV,B_80kV,L
764,1.3.12.2.1107.5.99.2.9594.30000018040420094145300005712,1.3.12.2.1107.5.1.4.60320.30000018040900031275600000094,<VRT Collection>,,
765,1.3.12.2.1107.5.99.2.9594.30000018040420094145300005698,1.3.12.2.1107.5.1.4.60320.30000018040900031275600000094,<MIP Collection>,,
766,1.3.12.2.1107.5.1.4.60320.30000019032506391231400003542,1.2.392.200046.100.14.2019032506464629,DE  DE_CarotidAngio  1.0  D30f  A_140kV,A_140kV,H
767,1.3.12.2.1107.5.1.4.60320.30000019032506391231400003543,1.2.392.200046.100.14.2019032506464629,DE  DE_CarotidAngio  1.0  D30f  B_80kV,B_80kV,L
768,1.3.12.2.1107.5.1.4.60320.30000019032506403176200034091,1.2.392.200046.100.14.2019032506464629,DE  DE_CarotidAngio  1.0  D30f  M_0.3,M_0.3,Mix
769,1.3.12.2.1107.5.1.4.60320.30020119032506230359700000020,1.2.392.200046.100.14.2019032506464629,<MIP Collection>,,
770,1.3.12.2.1107.5.1.4.60320.30020119032506230359700000035,1.2.392.200046.100.14.2019032506464629,<VRT Collection>,,
771,1.3.12.2.1107.5.1.4.60320.30000016072900340620200057514,1.2.392.200046.100.14.2016072900451278,DE  DE_HeadAngio  1.0  D30f  M_0.3,M_0.3,Mix
772,1.3.12.2.1107.5.1.4.60320.30000016072823593314100005851,1.2.392.200046.100.14.2016072900451278,DE  DE_HeadAngio  1.0  D30f  A_140kV,A_140kV,H
773,1.3.12.2.1107.5.1.4.60320.30000016072823593314100005852,1.2.392.200046.100.14.2016072900451278,DE  DE_HeadAngio  1.0  D30f  B_80kV,B_80kV,L
774,1.3.12.2.1107.5.99.2.9594.30000016072913081812500001978,1.2.392.200046.100.14.2016072900451278,DualEnergy BoneRemovalHead Suppressed #1,Suppressed,Suppressed
775,1.3.12.2.1107.5.99.2.9594.30000016072913162160900000271,1.2.392.200046.100.14.2016072900451278,<VRT Collection>,,
776,1.3.12.2.1107.5.99.2.9594.30000016072913162160900000217,1.2.392.200046.100.14.2016072900451278,<MIP Collection>,,
777,1.3.12.2.1107.5.1.4.60320.30000016030700205970300061248,1.2.392.200046.100.14.20160307003327621,DE  DE_CarotidAngio  1.0  D30f  M_0.3,M_0.3,Mix
778,1.3.12.2.1107.5.1.4.60320.30000016030623590927600005539,1.2.392.200046.100.14.20160307003327621,DE  DE_CarotidAngio  1.0  D30f  A_140kV,A_140kV,H
779,1.3.12.2.1107.5.1.4.60320.30000016030623590927600005540,1.2.392.200046.100.14.20160307003327621,DE  DE_CarotidAngio  1.0  D30f  B_80kV,B_80kV,L
780,1.3.12.2.1107.5.99.2.9594.30000016030116121429600033199,1.2.392.200046.100.14.20160307003327621,<MIP Collection>,,
781,1.3.12.2.1107.5.99.2.9594.30000016030116121429600033232,1.2.392.200046.100.14.20160307003327621,<VRT Collection>,,
782,1.3.12.2.1107.5.1.4.60320.30000018050400162790700017721,1.2.392.200046.100.14.20180504000218823,DE  DE_HeadAngio  1.0  D30f  M_0.3,M_0.3,Mix
783,1.3.12.2.1107.5.1.4.60320.30000018050323414998100002322,1.2.392.200046.100.14.20180504000218823,DE  DE_HeadAngio  1.0  D30f  A_140kV,A_140kV,H
784,1.3.12.2.1107.5.1.4.60320.30000018050323414998100002323,1.2.392.200046.100.14.20180504000218823,DE  DE_HeadAngio  1.0  D30f  B_80kV,B_80kV,L
785,1.3.12.2.1107.5.99.2.9594.30000018050223595835900000746,1.2.392.200046.100.14.20180504000218823,<VRT Collection>,,
786,1.3.12.2.1107.5.99.2.9594.30000018050223595835900000751,1.2.392.200046.100.14.20180504000218823,<MIP Collection>,,
787,1.3.12.2.1107.5.1.4.60320.30000017051000001020900023079,1.2.392.200046.100.14.2017050900232223,DE  DE_CarotidAngio  1.0  D30f  M_0.3,M_0.3,Mix
788,1.3.12.2.1107.5.1.4.60320.30000017050923454540200002623,1.2.392.200046.100.14.2017050900232223,DE  DE_CarotidAngio  1.0  D30f  A_140kV,A_140kV,H
789,1.3.12.2.1107.5.1.4.60320.30000017050923454540200002624,1.2.392.200046.100.14.2017050900232223,DE  DE_CarotidAngio  1.0  D30f  B_80kV,B_80kV,L
790,1.3.12.2.1107.5.99.2.9594.30000017051013402768700000128,1.2.392.200046.100.14.2017050900232223,DualEnergy BoneRemovalHead Suppressed #1,Suppressed,Suppressed
791,1.3.12.2.1107.5.1.4.60320.30020117051000174753600015253,1.2.392.200046.100.14.2017050900232223,<MIP Collection>,,
792,1.3.12.2.1107.5.1.4.60320.30020117051000174753600015257,1.2.392.200046.100.14.2017050900232223,<VRT Collection>,,
793,1.3.12.2.1107.5.1.4.60320.30000019042423372139300008933,1.2.392.200046.100.14.20190425031811807,DE  DE_CarotidAngio  1.0  D30f  A_140kV,A_140kV,H
794,1.3.12.2.1107.5.1.4.60320.30000019042423372139300008934,1.2.392.200046.100.14.20190425031811807,DE  DE_CarotidAngio  1.0  D30f  B_80kV,B_80kV,L
795,1.3.12.2.1107.5.1.4.60320.30000019042500140878200076381,1.2.392.200046.100.14.20190425031811807,DE  DE_CarotidAngio  1.0  D30f  M_0.3,M_0.3,Mix
796,1.3.12.2.1107.5.99.2.9594.30000019042616245185900000128,1.2.392.200046.100.14.20190425031811807,DualEnergy BoneRemovalHead Suppressed #1,Suppressed,Suppressed
797,1.3.12.2.1107.5.1.4.60320.30020119042502130084800000067,1.2.392.200046.100.14.20190425031811807,<VRT Collection>,,
798,1.3.12.2.1107.5.1.4.60320.30020119042502130084800000036,1.2.392.200046.100.14.20190425031811807,<MIP Collection>,,
799,1.3.12.2.1107.5.1.4.60320.30000017031300193353900007168,1.2.392.200046.100.14.20170313006229421,DE  DE_CarotidAngio  1.0  D30f  B_80kV,B_80kV,L
800,1.3.12.2.1107.5.1.4.60320.30000016031500170471300053021,1.3.12.2.1107.5.1.4.60320.30000016031500144088600000059,DE  DE_HeadAngio  1.0  D30f  M_0.3,M_0.3,Mix
801,1.3.12.2.1107.5.1.4.60320.30000016031423575176100009597,1.3.12.2.1107.5.1.4.60320.30000016031500144088600000059,DE  DE_HeadAngio  1.0  D30f  A_140kV,A_140kV,H
802,1.3.12.2.1107.5.1.4.60320.30000016031423575176100009598,1.3.12.2.1107.5.1.4.60320.30000016031500144088600000059,DE  DE_HeadAngio  1.0  D30f  B_80kV,B_80kV,L
803,1.3.12.2.1107.5.99.2.9594.30000016031514580457800004974,1.3.12.2.1107.5.1.4.60320.30000016031500144088600000059,<VRT Collection>,,
804,1.3.12.2.1107.5.99.2.9594.30000016031514580457800004945,1.3.12.2.1107.5.1.4.60320.30000016031500144088600000059,<MIP Collection>,,
805,1.3.12.2.1107.5.1.4.60320.30000019021423515139000008106,1.2.392.200046.100.14.20190215029923542,DE  DE_CarotidAngio  1.0  D30f  A_140kV,A_140kV,H
806,1.3.12.2.1107.5.1.4.60320.30000019021423515139000008107,1.2.392.200046.100.14.20190215029923542,DE  DE_CarotidAngio  1.0  D30f  B_80kV,B_80kV,L
807,1.3.12.2.1107.5.1.4.60320.30000019021500031747500075668,1.2.392.200046.100.14.20190215029923542,DE  DE_CarotidAngio  1.0  D30f  M_0.3,M_0.3,Mix
808,1.3.12.2.1107.5.99.2.9594.30000019021315383665600002598,1.2.392.200046.100.14.20190215029923542,<VRT Collection>,,
809,1.3.12.2.1107.5.99.2.9594.30000019021315383665600002580,1.2.392.200046.100.14.20190215029923542,<MIP Collection>,,
810,1.3.12.2.1107.5.1.4.60320.30000017080300332081400016789,1.2.392.200046.100.14.2017080300109741,DE  DE_HeadAngio  1.0  D30f  M_0.3,M_0.3,Mix
811,1.3.12.2.1107.5.1.4.60320.30000017080223492746500002036,1.2.392.200046.100.14.2017080300109741,DE  DE_HeadAngio  1.0  D30f  A_140kV,A_140kV,H
812,1.3.12.2.1107.5.1.4.60320.30000017080223492746500002037,1.2.392.200046.100.14.2017080300109741,DE  DE_HeadAngio  1.0  D30f  B_80kV,B_80kV,L
813,1.3.12.2.1107.5.99.2.9594.30000017080212331412500001165,1.2.392.200046.100.14.2017080300109741,<MIP Collection>,,
814,1.3.12.2.1107.5.99.2.9594.30000017080212331412500001212,1.2.392.200046.100.14.2017080300109741,<VRT Collection>,,
815,1.3.12.2.1107.5.1.4.60320.30000019022023430277000007916,1.2.392.200046.100.14.20190220020117420,DE  DE_CarotidAngio  1.0  D30f  A_140kV,A_140kV,H
816,1.3.12.2.1107.5.1.4.60320.30000019022023430277000007917,1.2.392.200046.100.14.20190220020117420,DE  DE_CarotidAngio  1.0  D30f  B_80kV,B_80kV,L
817,1.3.12.2.1107.5.1.4.60320.30000019022100372175500063989,1.2.392.200046.100.14.20190220020117420,DE  DE_CarotidAngio  1.0  D30f  M_0.3,M_0.3,Mix
818,1.2.840.113619.2.80.2811036266.190754.1550689646.1.5.1,1.2.392.200046.100.14.20190220020117420,Processed Images,,
819,1.2.840.113619.2.80.2811036266.190754.1550689772.31.7.1,1.2.392.200046.100.14.20190220020117420,Processed Images,,
820,1.3.12.2.1107.5.1.4.60320.30000019032823581634300008494,1.2.392.200046.100.14.20190326027616895,DE  DE_CarotidAngio  1.0  D30f  A_140kV,A_140kV,H
821,1.3.12.2.1107.5.1.4.60320.30000019032823581634300008495,1.2.392.200046.100.14.20190326027616895,DE  DE_CarotidAngio  1.0  D30f  B_80kV,B_80kV,L
822,1.3.12.2.1107.5.1.4.60320.30000019032900192473800074322,1.2.392.200046.100.14.20190326027616895,DE  DE_CarotidAngio  1.0  D30f  M_0.3,M_0.3,Mix
823,1.3.12.2.1107.5.99.2.9594.30000019033006515348400000518,1.2.392.200046.100.14.20190326027616895,<MIP Collection>,,
824,1.3.12.2.1107.5.99.2.9594.30000019033006515348400000535,1.2.392.200046.100.14.20190326027616895,<VRT Collection>,,
825,1.3.12.2.1107.5.1.4.60320.30000016092200551628200035314,1.2.392.200046.100.14.20160922001429350,DE  DE_CarotidAngio  1.0  D30f  M_0.3,M_0.3,Mix
826,1.3.12.2.1107.5.1.4.60320.30000016092123425552600003889,1.2.392.200046.100.14.20160922001429350,DE  DE_CarotidAngio  1.0  D30f  A_140kV,A_140kV,H
827,1.3.12.2.1107.5.1.4.60320.30000016092123425552600003890,1.2.392.200046.100.14.20160922001429350,DE  DE_CarotidAngio  1.0  D30f  B_80kV,B_80kV,L
828,1.3.12.2.1107.5.99.2.9594.30000016090522015703100018687,1.2.392.200046.100.14.20160922001429350,<VRT Collection>,,
829,1.3.12.2.1107.5.99.2.9594.30000016090522015703100018673,1.2.392.200046.100.14.20160922001429350,<MIP Collection>,,
830,1.3.12.2.1107.5.1.4.60320.30000019041223565887400000499,1.2.392.200046.100.14.20190413003611840,DE  DE_CarotidAngio  1.0  D30f  A_140kV,A_140kV,H
831,1.3.12.2.1107.5.1.4.60320.30000019041223565887400000500,1.2.392.200046.100.14.20190413003611840,DE  DE_CarotidAngio  1.0  D30f  B_80kV,B_80kV,L
832,1.3.12.2.1107.5.1.4.60320.30000019041300113063600004317,1.2.392.200046.100.14.20190413003611840,DE  DE_CarotidAngio  1.0  D30f  M_0.3,M_0.3,Mix
833,1.3.12.2.1107.5.99.2.9594.30000019041407443398400000128,1.2.392.200046.100.14.20190413003611840,DualEnergy BoneRemovalHead Suppressed #1,Suppressed,Suppressed
834,1.3.12.2.1107.5.99.2.9594.30000019041407470390600000013,1.2.392.200046.100.14.20190413003611840,<VRT Collection>,,
835,1.3.12.2.1107.5.99.2.9594.30000019041407470390600000054,1.2.392.200046.100.14.20190413003611840,<MIP Collection>,,
836,1.3.12.2.1107.5.1.4.60320.30000018041800143199100060182,1.3.12.2.1107.5.1.4.60320.30000018041800122753900000059,DE  DE_HeadAngio  1.0  D30f  M_0.3,M_0.3,Mix
837,1.3.12.2.1107.5.1.4.60320.30000018041723472152600007495,1.3.12.2.1107.5.1.4.60320.30000018041800122753900000059,DE  DE_HeadAngio  1.0  D30f  A_140kV,A_140kV,H
838,1.3.12.2.1107.5.1.4.60320.30000018041723472152600007496,1.3.12.2.1107.5.1.4.60320.30000018041800122753900000059,DE  DE_HeadAngio  1.0  D30f  B_80kV,B_80kV,L
839,1.3.12.2.1107.5.99.2.9594.30000018041314381618700002832,1.3.12.2.1107.5.1.4.60320.30000018041800122753900000059,<MIP Collection>,,
840,1.3.12.2.1107.5.99.2.9594.30000018041314381618700002837,1.3.12.2.1107.5.1.4.60320.30000018041800122753900000059,<VRT Collection>,,
841,1.3.12.2.1107.5.1.4.60320.30000016092900032854500026252,1.3.12.2.1107.5.1.4.60320.30000016092900013540400000022,DE  DE_HeadAngio  1.0  D30f  M_0.3,M_0.3,Mix
842,1.3.12.2.1107.5.1.4.60320.30000016092823330682000002943,1.3.12.2.1107.5.1.4.60320.30000016092900013540400000022,DE  DE_HeadAngio  1.0  D30f  A_140kV,A_140kV,H
843,1.3.12.2.1107.5.1.4.60320.30000016092823330682000002944,1.3.12.2.1107.5.1.4.60320.30000016092900013540400000022,DE  DE_HeadAngio  1.0  D30f  B_80kV,B_80kV,L
844,1.3.12.2.1107.5.99.2.9594.30000016092919423306200000171,1.3.12.2.1107.5.1.4.60320.30000016092900013540400000022,<MIP Collection>,,
845,1.3.12.2.1107.5.99.2.9594.30000016092919423306200000185,1.3.12.2.1107.5.1.4.60320.30000016092900013540400000022,<VRT Collection>,,
846,1.3.12.2.1107.5.1.4.60320.30000019032023481150900002636,1.2.392.200046.100.14.20190321009825269,DE  DE_CarotidAngio  1.0  D30f  A_140kV,A_140kV,H
847,1.3.12.2.1107.5.1.4.60320.30000019032023481150900002637,1.2.392.200046.100.14.20190321009825269,DE  DE_CarotidAngio  1.0  D30f  B_80kV,B_80kV,L
848,1.3.12.2.1107.5.1.4.60320.30000019032100253924700022323,1.2.392.200046.100.14.20190321009825269,DE  DE_CarotidAngio  1.0  D30f  M_0.3,M_0.3,Mix
849,1.2.840.113619.2.80.2811036266.187246.1553086819.1.7.1,1.2.392.200046.100.14.20190321009825269,Processed Images,,
850,1.2.840.113619.2.80.2811036266.187246.1553086857.6.5.1,1.2.392.200046.100.14.20190321009825269,Filtered image : Smooth 3D+ - Processed Images,,
851,1.3.12.2.1107.5.1.4.60320.30000018020823553268500005020,1.3.12.2.1107.5.1.4.60320.30000018020900075898100000039,DE  DE_CarotidAngio  1.0  D30f  A_140kV,A_140kV,H
852,1.3.12.2.1107.5.1.4.60320.30000018020823553268500005021,1.3.12.2.1107.5.1.4.60320.30000018020900075898100000039,DE  DE_CarotidAngio  1.0  D30f  B_80kV,B_80kV,L
853,1.3.12.2.1107.5.1.4.60320.30000018020900133942200043391,1.3.12.2.1107.5.1.4.60320.30000018020900075898100000039,DE  DE_CarotidAngio  1.0  D30f  M_0.3,M_0.3,Mix
854,1.3.12.2.1107.5.99.2.9594.30000018021112165462500000074,1.3.12.2.1107.5.1.4.60320.30000018020900075898100000039,<MIP Collection>,,
855,1.3.12.2.1107.5.99.2.9594.30000018021112165462500000086,1.3.12.2.1107.5.1.4.60320.30000018020900075898100000039,<VRT Collection>,,
856,1.3.12.2.1107.5.1.4.60320.30000016052300130302600000935,1.2.392.200046.100.14.20160521001811478,DE  DE_CarotidAngio  1.0  D30f  M_0.3,M_0.3,Mix
857,1.3.12.2.1107.5.1.4.60320.30000016052223435668800000084,1.2.392.200046.100.14.20160521001811478,DE  DE_CarotidAngio  1.0  D30f  A_140kV,A_140kV,H
858,1.3.12.2.1107.5.1.4.60320.30000016052223435668800000085,1.2.392.200046.100.14.20160521001811478,DE  DE_CarotidAngio  1.0  D30f  B_80kV,B_80kV,L
859,1.3.12.2.1107.5.99.2.9594.30000016052312171665600000062,1.2.392.200046.100.14.20160521001811478,<VRT Collection>,,
860,1.3.12.2.1107.5.99.2.9594.30000016052312171665600000022,1.2.392.200046.100.14.20160521001811478,<MIP Collection>,,
